,RoofStyle,HouseStyle,OverallCond,YearBuilt,YearRemodAdd,FullBath,Heating,Fireplaces,GarageArea,PoolArea,SaleCondition,SalePrice
0,Gable,2Story,5,2003,2003,2,GasA,0,548,0,Normal,208500
1,Gable,1Story,8,1976,1976,2,GasA,1,460,0,Normal,181500
2,Gable,2Story,5,2001,2002,2,GasA,1,608,0,Normal,223500
3,Gable,2Story,5,1915,1970,1,GasA,1,642,0,Abnorml,140000
4,Gable,2Story,5,2000,2000,2,GasA,1,836,0,Normal,250000
5,Gable,1.5Fin,5,1993,1995,1,GasA,0,480,0,Normal,143000
6,Gable,1Story,5,2004,2005,2,GasA,1,636,0,Normal,307000
7,Gable,2Story,6,1973,1973,2,GasA,2,484,0,Normal,200000
8,Gable,1.5Fin,5,1931,1950,2,GasA,2,468,0,Abnorml,129900
9,Gable,1.5Unf,6,1939,1950,1,GasA,2,205,0,Normal,118000
10,Hip,1Story,5,1965,1965,1,GasA,0,384,0,Normal,129500
11,Hip,2Story,5,2005,2006,3,GasA,2,736,0,Partial,345000
12,Hip,1Story,6,1962,1962,1,GasA,0,352,0,Normal,144000
13,Gable,1Story,5,2006,2007,2,GasA,1,840,0,Partial,279500
14,Hip,1Story,5,1960,1960,1,GasA,1,352,0,Normal,157000
15,Gable,1.5Unf,8,1929,2001,1,GasA,0,576,0,Normal,132000
16,Gable,1Story,7,1970,1970,1,GasA,1,480,0,Normal,149000
17,Gable,1Story,5,1967,1967,2,GasA,0,516,0,Normal,90000
18,Gable,1Story,5,2004,2004,1,GasA,0,576,0,Normal,159000
19,Hip,1Story,6,1958,1965,1,GasA,0,294,0,Abnorml,139000
20,Gable,2Story,5,2005,2006,3,GasA,1,853,0,Partial,325300
21,Gable,1.5Unf,7,1930,1950,1,GasA,1,280,0,Normal,139400
22,Hip,1Story,5,2002,2002,2,GasA,1,534,0,Normal,230000
23,Gable,1Story,7,1976,1976,1,GasA,1,572,0,Normal,129900
24,Gable,1Story,8,1968,2001,1,GasA,1,270,0,Normal,154000
25,Gable,1Story,5,2007,2007,2,GasA,1,890,0,Normal,256300
26,Gable,1Story,7,1951,2000,1,GasA,0,576,0,Normal,134800
27,Gable,1Story,5,2007,2008,2,GasA,1,772,0,Normal,306000
28,Gable,1Story,6,1957,1997,1,GasA,2,319,0,Normal,207500
29,Gable,1Story,6,1927,1950,1,GasA,0,240,0,Normal,68500
30,Gambrel,2Story,4,1920,1950,1,GasA,0,250,0,Normal,40000
31,Gable,1Story,6,1966,2006,1,GasA,0,271,0,Normal,149350
32,Gable,1Story,5,2007,2007,2,GasA,0,484,0,Normal,179900
33,Hip,1Story,5,1959,1959,1,GasA,1,447,0,Normal,165500
34,Hip,1Story,5,2005,2005,2,GasA,1,556,0,Normal,277500
35,Gable,2Story,5,2004,2005,3,GasA,1,691,0,Normal,309000
36,Gable,1Story,5,1994,1995,1,GasA,0,672,0,Normal,145000
37,Hip,1Story,6,1954,1990,1,GasA,1,498,0,Normal,153000
38,Gable,1Story,7,1953,2007,1,GasA,0,246,0,Abnorml,109000
39,Gable,1Story,5,1955,1955,2,GasA,0,0,0,AdjLand,82000
40,Gable,1Story,5,1965,1965,2,GasA,1,440,0,Abnorml,160000
41,Gable,1Story,6,1959,1959,1,GasA,2,308,0,Normal,170000
42,Gable,SFoyer,7,1983,1983,1,GasA,0,504,0,Normal,144000
43,Hip,1Story,6,1975,1980,1,GasA,0,308,0,Normal,130250
44,Gable,1Story,6,1959,1959,1,GasA,0,300,0,Normal,141000
45,Hip,1Story,5,2005,2005,2,GasA,1,576,0,Normal,319900
46,Gable,1.5Fin,5,2003,2003,1,GasA,1,670,0,Abnorml,239686
47,Gable,1Story,5,2006,2006,2,GasA,0,826,0,Normal,249700
48,Gable,2Story,5,1920,2008,2,GasA,0,0,0,Partial,113000
49,Gable,1Story,7,1966,1966,1,GasA,0,386,0,Normal,127000
50,Gable,2Story,6,1997,1997,2,GasA,0,388,0,Normal,177000
51,Gable,1.5Fin,6,1934,1950,1,GasA,1,528,0,Normal,114500
52,Gable,1Story,5,1963,1963,1,GasA,0,516,0,Normal,110000
53,Gable,1Story,5,1981,1987,0,GasA,1,894,0,Normal,385000
54,Gable,SLvl,5,1955,1955,1,GasA,1,572,0,Normal,130000
55,Gable,1Story,5,1964,1964,2,GasA,1,576,0,Normal,180500
56,Gable,2Story,5,1999,2000,2,GasA,0,480,0,Abnorml,172500
57,Gable,2Story,5,2004,2004,2,GasA,0,565,0,Normal,196500
58,Hip,2Story,5,2006,2006,3,GasA,1,641,0,Partial,438780
59,Gable,1Story,7,1972,1972,1,GasA,0,352,0,Normal,124900
60,Gable,1Story,5,2004,2004,1,GasA,0,576,0,Partial,158000
61,Gable,2.5Unf,7,1920,1996,1,GasA,0,288,0,Normal,101000
62,Gable,1Story,5,2006,2006,2,GasA,1,484,0,Normal,202500
63,Gable,2Story,6,1921,1950,2,GasA,0,480,0,Normal,140000
64,Gable,2Story,5,1997,1998,2,GasA,0,645,0,Normal,219500
65,Gable,2Story,5,2004,2005,2,GasA,1,852,0,Normal,317000
66,Gable,1Story,5,1970,1989,2,GasA,1,576,0,Normal,180000
67,Gable,1Story,5,2003,2003,2,GasA,0,558,0,Normal,226000
68,Gable,1Story,6,1945,1950,1,GasA,0,220,0,Normal,80000
69,Gable,1.5Fin,4,1953,1953,2,GasW,1,667,0,Normal,225000
70,Gable,1Story,6,1973,1973,2,GasA,2,516,0,Normal,244000
71,Gable,1Story,6,1982,2006,1,GasA,0,360,0,Normal,129500
72,Gable,2Story,5,1998,1998,2,GasA,1,427,0,Normal,185000
73,Gable,1Story,7,1954,2003,1,GasA,0,490,0,Normal,144900
74,Gambrel,2Story,6,1915,1950,2,GasA,0,379,0,Normal,107400
75,Gable,SLvl,5,1973,1973,1,GasA,0,297,0,Normal,91000
76,Gable,1Story,7,1956,1956,1,GasA,0,283,0,Normal,135750
77,Gable,1.5Fin,5,1948,2001,1,GasA,0,240,0,Normal,127000
78,Hip,1Story,5,1968,1968,2,GasA,0,0,0,Normal,136500
79,Gable,2Story,6,1910,1981,1,GasA,0,440,0,Normal,110000
80,Gable,2Story,6,1968,1968,2,GasA,1,509,0,Normal,193500
81,Hip,1Story,5,1998,1998,2,GasA,0,405,0,Normal,153500
82,Gable,1Story,5,2007,2007,2,GasA,1,758,0,Normal,245000
83,Gable,1Story,5,1960,1960,1,GasA,0,461,0,Normal,126500
84,Gable,SLvl,5,1995,1996,2,GasA,1,400,0,Normal,168500
85,Hip,2Story,5,1991,1992,2,GasA,1,462,0,Normal,260000
86,Gable,2Story,5,2005,2005,2,GasA,1,400,0,Normal,174000
87,Gable,2Story,5,2009,2009,2,GasA,0,528,0,Partial,164500
88,Hip,1.5Fin,2,1915,1982,1,GasA,0,0,0,Abnorml,85000
89,Gable,1Story,5,1994,1995,1,GasA,0,0,0,Normal,123600
90,Gable,1Story,5,1950,1950,1,GasA,0,420,0,Normal,109900
91,Hip,1Story,3,1961,1961,1,GasA,0,480,0,Abnorml,98600
92,Gable,1Story,7,1921,2006,1,GasA,0,432,0,Normal,163500
93,Hip,2.5Unf,6,1910,1998,2,GasW,1,506,0,Normal,133900
94,Gable,2Story,5,1997,1997,2,GasA,0,684,0,Normal,204750
95,Gable,2Story,8,1993,1993,2,GasA,1,420,0,Normal,185000
96,Gable,1Story,5,1999,1999,2,GasA,0,472,0,Normal,214000
97,Hip,1Story,5,1965,1965,1,GasA,0,432,0,Normal,94750
98,Gable,1Story,5,1920,1950,1,GasA,0,366,0,Abnorml,83000
99,Gable,1Story,5,1959,1959,1,GasA,0,0,0,Normal,128950
100,Gable,1Story,7,1977,2001,2,GasA,2,480,0,Normal,205000
101,Gable,2Story,5,1985,1985,2,GasA,1,476,0,Normal,178000
102,Gable,1Story,5,1979,1979,2,GasA,0,410,0,Alloca,118964
103,Gable,1Story,5,2009,2009,2,GasA,0,740,0,Normal,198900
104,Gable,1.5Fin,4,1931,1950,1,GasA,2,240,0,Normal,169500
105,Hip,2Story,5,2003,2004,2,GasA,1,648,0,Normal,250000
106,Mansard,1Story,7,1885,1995,1,GasA,0,273,0,Normal,100000
107,Gable,1Story,5,1948,1950,1,GasA,0,250,0,Partial,115000
108,Gable,1.5Fin,7,1919,2005,2,GasW,0,0,0,Normal,115000
109,Hip,1Story,6,1977,1977,2,GasA,1,546,0,Normal,190000
110,Gable,1.5Fin,4,1954,1972,2,GasA,0,325,0,Normal,136900
111,Gable,SLvl,5,2000,2000,2,GasA,1,400,0,Normal,180000
112,Gable,2Story,5,2007,2007,2,GasA,1,792,0,Partial,383970
113,Hip,1Story,5,1953,1953,2,GasA,2,450,0,Abnorml,217000
114,Gambrel,2Story,8,1945,2002,2,GasA,1,180,0,Normal,259500
115,Gable,2Story,5,1999,1999,2,GasA,1,440,0,Normal,176000
116,Gable,1Story,5,1962,1962,1,GasA,1,288,0,Normal,139000
117,Gable,1Story,5,2006,2007,1,GasA,0,430,0,Partial,155000
118,Hip,2Story,5,1990,1990,3,GasA,2,594,0,Normal,320000
119,Gable,2Story,5,2005,2006,2,GasA,1,390,0,Partial,163990
120,Flat,SLvl,5,1969,1969,1,GasA,2,540,0,Normal,180000
121,Gable,1.5Fin,5,1939,1950,1,GasA,0,264,0,Normal,100000
122,Hip,1Story,7,1958,1958,1,GasA,0,288,0,Normal,136000
123,Gable,1Story,5,1993,1993,2,GasA,0,530,0,Normal,153900
124,Gable,1Story,5,1979,1998,2,GasA,1,435,0,Normal,181000
125,Gable,1.5Fin,8,1935,1982,1,GasA,0,0,0,Normal,84500
126,Gable,1Story,5,1976,1976,2,GasA,1,440,0,Normal,128000
127,Gable,1.5Unf,7,1930,1950,1,GasA,1,0,0,Normal,87000
128,Gable,2Story,5,1966,1966,1,GasA,1,453,0,Normal,155000
129,Gable,1Story,7,1958,1991,1,GasA,0,750,0,Abnorml,150000
130,Gable,2Story,6,1966,1966,2,GasA,2,487,0,Normal,226000
131,Gable,2Story,5,2000,2000,2,GasA,1,390,0,Normal,244000
132,Gable,1Story,6,1959,2002,1,GasA,0,624,0,Normal,150750
133,Gable,1Story,5,2001,2002,2,GasA,0,471,0,Normal,220000
134,Gable,1Story,6,1968,1993,2,GasA,1,440,0,Normal,180000
135,Hip,1Story,6,1970,1970,2,GasA,1,530,0,Normal,174000
136,Gable,1Story,5,1967,1967,2,GasA,1,318,0,Normal,143000
137,Gable,1Story,5,1988,1989,3,GasA,0,766,0,Family,171000
138,Gable,2Story,5,1999,2000,2,GasA,2,660,0,Normal,230000
139,Gable,2Story,5,1997,1997,2,GasA,0,470,0,Normal,231500
140,Gable,1Story,5,1971,1971,1,GasA,1,0,0,Normal,115000
141,Gable,1Story,5,2005,2005,2,GasA,0,660,0,Normal,260000
142,Gable,1.5Fin,4,1952,1952,2,GasA,0,720,0,Normal,166000
143,Gable,1Story,5,1999,1999,2,GasA,0,577,0,Normal,204000
144,Gable,1Story,5,1963,1963,2,GasA,0,504,0,Abnorml,125000
145,Gable,2Story,5,2004,2006,2,GasA,0,380,0,Normal,130000
146,Gable,1Story,7,1931,1993,1,GasA,0,180,0,Normal,105000
147,Gable,2Story,5,2001,2001,2,GasA,1,434,0,Normal,222500
148,Gable,1Story,5,2004,2005,1,GasA,0,0,0,Normal,141000
149,Gable,1.5Fin,4,1936,1950,1,GasA,0,240,0,Normal,115000
150,Gable,1Story,6,1975,1975,1,GasA,0,440,0,Normal,122000
151,Hip,1Story,5,2007,2008,2,GasA,1,866,0,Partial,372402
152,Gable,2Story,5,1971,1971,2,GasA,1,495,0,Normal,190000
153,Flat,1Story,7,1960,1975,1,GasA,1,564,0,Normal,235000
154,Gable,1Story,5,1923,1950,1,GasA,0,312,0,Family,125000
155,Gable,1.5Fin,5,1924,1950,1,Grav,0,0,0,Normal,79000
156,Hip,1Story,7,1950,1950,1,GasA,0,625,0,Normal,109500
157,Gable,2Story,5,2009,2010,2,GasA,1,680,0,Partial,269500
158,Gable,2Story,5,2004,2005,2,GasA,1,678,0,Normal,254900
159,Gable,2Story,5,2005,2006,2,GasA,1,576,0,Partial,320000
160,Gable,1Story,6,1984,1984,2,GasA,0,516,0,Normal,162500
161,Gable,2Story,5,2003,2004,2,GasA,2,726,0,Normal,412500
162,Gable,1Story,5,2005,2005,2,GasA,1,532,0,Partial,220000
163,Gable,1.5Unf,6,1956,1956,1,GasA,0,0,0,Normal,103200
164,Gable,1Story,7,1926,2004,2,GasA,0,216,0,Normal,152000
165,Gable,1.5Fin,7,1940,1999,2,GasA,0,0,0,Normal,127500
166,Hip,1Story,5,1955,1993,1,GasA,3,303,0,Normal,190000
167,Gable,2Story,5,2007,2007,1,GasA,1,789,0,Partial,325624
168,Gable,2Story,5,2004,2004,2,GasA,1,440,0,Normal,183500
169,Hip,1Story,6,1981,1981,2,GasA,1,511,0,Normal,228000
170,Gable,1.5Fin,6,1941,1950,1,GasA,0,660,0,Normal,128500
171,Hip,1Story,5,1960,1960,1,GasA,2,528,0,Normal,215000
172,Gable,2Story,7,1987,1987,2,GasA,1,504,0,Normal,239000
173,Gable,1Story,5,1961,1961,1,GasA,1,504,0,Normal,163000
174,Gable,1Story,5,1986,1986,2,GasA,1,616,0,Normal,184000
175,Gable,1Story,7,1950,2001,2,GasA,1,576,0,Normal,243000
176,Gable,2Story,5,1988,1989,2,GasA,1,521,0,Normal,211000
177,Gable,1.5Fin,5,1958,1958,2,GasA,1,451,0,Normal,172500
178,Hip,1Story,5,2008,2009,2,GasA,1,1166,0,Partial,501837
179,Gable,1Story,6,1923,2006,1,GasA,0,480,0,Normal,100000
180,Gable,2Story,5,2000,2000,2,GasA,1,440,0,Normal,177000
181,Gable,2Story,6,1920,1950,1,GasA,1,216,0,Normal,200100
182,Hip,1Story,6,1957,2006,1,GasA,1,252,0,Normal,120000
183,Gable,1.5Fin,5,2003,2003,2,GasA,0,484,0,Normal,200000
184,Gable,1.5Fin,8,1908,1991,1,GasA,0,576,0,Normal,127000
185,Gable,2.5Fin,9,1892,1993,2,GasA,2,840,0,Normal,475000
186,Gable,SLvl,5,1990,1991,2,GasA,0,497,0,Normal,173000
187,Gable,1.5Fin,7,1916,1987,2,GasA,0,180,0,Normal,135000
188,Gable,SFoyer,5,1979,1979,0,GasA,2,528,0,Alloca,153337
189,Gable,1Story,5,2001,2002,1,GasA,1,682,0,Normal,286000
190,Hip,2Story,8,1932,1994,2,GasA,2,440,0,Normal,315000
191,Gable,2Story,9,1972,2004,1,GasA,0,484,0,Normal,184000
192,Gable,1Story,5,1999,1999,2,GasA,0,666,0,Normal,192000
193,Gable,2Story,5,2004,2004,2,GasA,0,380,0,Normal,130000
194,Hip,1Story,7,1972,1972,1,GasA,0,352,0,Normal,127000
195,Gable,2Story,6,1976,1976,2,GasA,1,440,0,Normal,148500
196,Hip,1Story,5,2007,2007,2,GasA,1,786,0,Partial,311872
197,Gable,2Story,4,1918,1990,2,GasA,1,795,512,Abnorml,235000
198,Gable,2.5Fin,6,1912,1950,1,GasA,0,0,0,Abnorml,104000
199,Hip,1Story,5,2004,2005,2,GasA,1,856,0,Normal,274900
200,Gable,1Story,5,2003,2004,2,GasA,0,440,0,Normal,140000
201,Gable,1Story,6,1977,1977,2,GasA,2,473,0,Normal,171500
202,Gable,1.5Fin,6,1924,1950,2,GasA,0,398,0,Normal,112000
203,Gable,1Story,5,2004,2004,1,GasA,1,420,0,Normal,149000
204,Gable,1.5Fin,7,1947,1950,1,GasA,0,240,0,Normal,110000
205,Gable,1Story,5,1990,1990,2,GasA,0,500,0,Normal,180500
206,Gable,1Story,5,1962,1962,1,GasA,1,349,0,Normal,143900
207,Gable,1Story,5,1960,1960,1,GasA,1,312,0,Normal,141000
208,Gable,2Story,5,1988,1989,2,GasA,1,454,0,Normal,277000
209,Hip,1Story,7,1964,1964,1,GasA,0,504,0,Normal,145000
210,Gable,1Story,6,1925,1950,1,GasA,0,0,0,Normal,98000
211,Gable,1Story,5,2009,2009,2,GasA,0,460,0,Normal,186000
212,Gable,2Story,5,2009,2009,2,GasA,1,644,0,Partial,252678
213,Gable,1Story,5,1995,1995,1,GasA,0,576,0,Normal,156000
214,Gable,2Story,7,1977,1977,1,GasA,0,299,0,Normal,161750
215,Gable,1Story,6,1957,1996,1,GasA,1,447,0,Normal,134450
216,Gable,1Story,5,2004,2004,2,GasA,0,484,0,Normal,210000
217,Gable,2Story,4,1925,1950,1,GasA,0,210,0,Family,107000
218,Gable,1.5Fin,9,1939,2006,1,GasA,2,431,0,Normal,311500
219,Gable,1Story,5,2005,2006,2,GasA,0,438,0,Partial,167240
220,Gable,1Story,5,2006,2006,2,GasA,0,675,0,Partial,204900
221,Gable,2Story,5,2002,2002,2,GasA,1,390,0,Normal,200000
222,Gable,2Story,6,1975,1975,2,GasA,1,434,0,Normal,179900
223,Gable,1Story,6,1971,1971,1,GasA,0,576,0,Abnorml,97000
224,Hip,1Story,5,2003,2003,2,GasA,1,968,0,Normal,386250
225,Gable,2Story,5,1971,1971,2,GasA,0,280,0,Abnorml,112000
226,Gable,2Story,5,1995,1995,2,GasA,1,721,0,Abnorml,290000
227,Gable,2Story,6,1970,1970,1,GasA,0,280,0,Normal,106000
228,Gable,1Story,5,1967,1967,1,GasA,1,336,0,Normal,125000
229,Gable,1Story,5,2005,2006,2,GasA,1,430,0,Normal,192500
230,Hip,1Story,6,1959,1959,1,GasA,0,312,0,Normal,148000
231,Gable,2Story,5,1995,1996,2,GasA,1,810,0,Normal,403000
232,Gable,2Story,5,1972,1972,1,GasA,1,288,0,Normal,94500
233,Gable,1Story,6,1976,1976,1,GasA,0,308,0,Normal,128200
234,Gable,2Story,5,2002,2002,2,GasA,2,440,0,Normal,216500
235,Gable,2Story,3,1971,1971,1,GasA,0,264,0,Normal,89500
236,Gable,1Story,5,2004,2004,2,GasA,0,494,0,Normal,185500
237,Gable,2Story,7,1993,2003,2,GasA,0,457,0,Normal,194500
238,Hip,1Story,5,2007,2007,2,GasA,0,818,0,Partial,318000
239,Gable,1.5Fin,4,1945,1950,1,GasA,1,220,0,Normal,113000
240,Gable,1Story,5,2008,2008,2,GasA,0,750,0,Normal,262500
241,Gable,1Story,9,1945,1997,1,GasA,0,0,0,Normal,110500
242,Gable,1.5Fin,4,1900,1950,1,GasA,0,352,0,Normal,79000
243,Gable,2Story,6,1980,1980,1,GasA,1,288,0,Normal,120000
244,Gable,2Story,5,1994,2002,2,GasA,2,463,0,Normal,205000
245,Gable,1Story,5,1988,1988,2,GasA,1,604,0,Normal,241500
246,Gable,2Story,8,1910,1950,2,GasA,0,440,0,Normal,137000
247,Hip,1Story,5,1954,1954,1,GasA,1,451,0,Normal,140000
248,Gable,2Story,5,2003,2003,2,GasA,0,500,0,Normal,180000
249,Gable,1.5Fin,7,1958,2006,2,GasA,2,389,0,Normal,277000
250,Gable,1Story,2,1940,1966,1,GasA,0,0,0,Normal,76500
251,Hip,1Story,5,2006,2007,2,GasA,1,538,0,Family,235000
252,Gable,2Story,5,2004,2004,2,GasA,0,520,0,Normal,173000
253,Hip,SLvl,7,1964,1991,2,GasA,0,309,0,Normal,158000
254,Gable,1Story,6,1957,1957,1,GasA,0,294,0,Normal,145000
255,Gable,2Story,5,1999,1999,2,GasA,1,429,0,Normal,230000
256,Gable,2Story,5,2003,2003,2,GasA,0,673,0,Normal,207500
257,Gable,1Story,5,2006,2006,2,GasA,1,660,0,Abnorml,220000
258,Gable,2Story,5,2001,2001,2,GasA,1,564,0,Normal,231500
259,Gable,1Story,5,1956,1956,1,GasA,0,308,0,Normal,97000
260,Gable,SLvl,5,1962,1962,1,GasA,1,884,0,Normal,176000
261,Gable,2Story,5,2007,2007,2,GasA,1,868,0,Partial,276000
262,Gable,SLvl,7,1977,1995,1,GasA,1,492,0,Normal,151000
263,Gable,1.5Fin,7,1929,2001,1,GasA,0,484,0,Normal,130000
264,Gable,1Story,5,1925,2004,1,GasA,0,504,0,Normal,73000
265,Gable,1Story,6,1981,1981,2,GasA,1,576,0,Normal,175500
266,Gable,2Story,5,1997,1997,2,GasA,1,413,0,Normal,185000
267,Gable,2.5Fin,8,1939,1997,2,GasA,1,240,0,Normal,179500
268,Gable,1Story,6,1940,1955,1,GasA,1,924,0,Normal,120500
269,Hip,1Story,7,1976,1976,1,GasA,1,504,0,Normal,148000
270,Gable,2Story,5,2006,2006,2,GasA,1,1053,0,Partial,266000
271,Flat,1Story,7,1954,2005,1,GasA,2,439,0,Normal,241500
272,Gable,2Story,7,1999,2007,2,GasA,1,671,0,Normal,290000
273,Hip,1Story,6,1958,1988,2,GasA,1,338,0,Normal,139000
274,Gable,1Story,7,1982,1982,1,GasA,0,264,0,Normal,124500
275,Gable,1.5Fin,7,1925,2007,2,GasW,0,672,0,Normal,205000
276,Gable,1Story,5,2003,2003,2,GasA,0,573,0,Normal,201000
277,Gable,1Story,5,1951,1951,1,GasA,0,400,0,Normal,141000
278,Gable,1Story,5,2006,2007,2,GasA,1,732,0,Partial,415298
279,Hip,2Story,5,1977,1977,2,GasA,1,505,0,Normal,192000
280,Gable,2Story,6,1989,1989,2,GasA,1,575,0,Normal,228500
281,Gable,1Story,5,2006,2006,2,GasA,0,572,0,Partial,185000
282,Gable,1Story,5,2007,2008,2,GasA,1,626,0,Normal,207500
283,Gable,1Story,5,2008,2009,2,GasA,1,898,0,Partial,244600
284,Gable,1Story,5,1992,1992,2,GasA,0,529,0,Normal,179200
285,Gable,2Story,5,2006,2007,2,GasA,0,528,0,Partial,164700
286,Gable,1.5Fin,7,1962,1981,1,GasA,1,440,0,Normal,159000
287,Gable,1Story,4,1971,1971,1,GasA,0,0,0,Normal,88000
288,Gable,1Story,5,1967,1967,1,GasA,0,280,0,Normal,122000
289,Gable,2Story,7,1915,2003,1,GasA,0,384,0,Normal,153575
290,Gable,2Story,5,2006,2006,2,GasA,1,685,0,Partial,233230
291,Gable,2Story,6,1912,2000,2,GasA,0,0,0,Normal,135900
292,Gable,1.5Fin,4,1949,2008,1,GasA,1,281,0,Normal,131000
293,Gable,2Story,7,1977,1994,2,GasA,1,539,0,Normal,235000
294,Hip,1Story,5,1953,1953,1,GasA,2,418,0,Normal,167000
295,Gable,SLvl,6,1984,1984,1,GasA,0,588,0,Normal,142500
296,Gable,1.5Fin,5,1950,1950,1,GasA,0,282,0,Normal,152000
297,Hip,2Story,5,1997,1998,2,GasA,1,576,0,Normal,239000
298,Mansard,2Story,6,1968,1968,1,GasA,1,539,0,Normal,175000
299,Gable,1Story,8,1950,2004,1,GasA,1,300,0,Family,158500
300,Hip,1Story,5,1953,1953,1,GasA,2,375,0,Normal,157000
301,Gable,2Story,5,1998,1999,2,GasA,1,683,0,Normal,267000
302,Gable,1Story,5,2001,2002,2,GasA,1,843,0,Normal,205000
303,Gable,1Story,7,1972,1972,1,GasA,0,552,0,Abnorml,149900
304,Gable,2.5Fin,9,1880,2002,3,GasA,1,870,0,Normal,295000
305,Gable,1Story,5,2004,2005,2,GasA,0,888,0,Normal,305900
306,Gable,2Story,5,1990,1991,2,GasA,1,746,0,Normal,225000
307,Gable,1.5Fin,7,1920,1950,1,GasA,0,0,0,Normal,89500
308,Gable,1Story,5,1940,1950,1,GasA,0,539,0,Normal,82500
309,Gable,1Story,5,2003,2004,2,GasA,3,708,0,Normal,360000
310,Gable,2Story,5,1993,1994,2,GasA,1,420,0,Normal,165600
311,Gable,1Story,6,1948,2002,1,GasA,1,240,0,Normal,132000
312,Gable,1.5Fin,7,1939,1950,1,GasA,1,410,0,Normal,119900
313,Hip,1Story,5,1965,1965,2,GasW,2,513,0,Normal,375000
314,Gable,2Story,7,1925,1990,1,GasA,1,546,0,Normal,178000
315,Gable,2Story,5,2004,2005,2,GasA,1,432,0,Normal,188500
316,Gable,2Story,7,1980,1980,2,GasA,1,484,0,Normal,260000
317,Gable,2Story,5,2006,2006,2,GasA,1,1025,0,Normal,270000
318,Gable,2Story,5,1993,1993,2,GasA,1,656,0,Normal,260000
319,Gable,SLvl,5,1980,1980,2,GasA,2,588,0,Normal,187500
320,Gable,2Story,5,2006,2006,3,GasA,0,840,0,Partial,342643
321,Gable,2Story,5,2004,2004,2,GasA,1,872,0,Normal,354000
322,Gable,2Story,5,1986,1987,2,GasA,1,576,0,Normal,301000
323,Gable,1Story,8,1955,2005,1,GasA,0,220,0,Normal,126175
324,Mansard,SLvl,7,1967,2007,2,GasA,1,564,0,Normal,242000
325,Gable,1.5Unf,6,1941,1950,1,GasA,0,360,0,Normal,87000
326,Gable,1Story,5,1993,1993,1,GasA,2,473,0,Normal,324000
327,Hip,1Story,5,1960,1960,1,GasA,0,292,0,Normal,145250
328,Gable,2.5Unf,6,1916,1994,2,GasA,0,441,0,Normal,214500
329,Gable,2Story,5,1920,1950,1,GasA,0,189,0,Normal,78000
330,Gable,1Story,4,1964,1964,2,GasA,0,352,0,Normal,119000
331,Gable,1Story,6,1958,1992,1,GasA,0,308,0,Normal,139000
332,Gable,1Story,5,2003,2004,2,GasA,1,880,0,Normal,284000
333,Gable,1Story,5,2004,2004,2,GasA,1,484,0,Normal,207000
334,Gable,2Story,5,1998,1998,2,GasA,2,472,0,Normal,192000
335,Gable,1.5Fin,6,1965,1965,2,GasA,2,529,0,Normal,228950
336,Hip,1Story,5,2005,2006,2,GasA,1,676,0,Normal,377426
337,Gable,1Story,5,2002,2003,2,GasA,0,532,0,Normal,214000
338,Gable,1Story,7,1984,1998,2,GasA,0,440,0,Normal,202500
339,Hip,1Story,7,1958,1998,1,GasA,0,297,0,Normal,155000
340,Gable,2Story,5,2002,2002,2,GasA,0,431,0,Normal,202900
341,Gable,1Story,4,1950,1950,1,GasA,0,294,0,Normal,82000
342,Gable,1Story,4,1949,1950,2,Wall,0,400,0,Normal,87500
343,Hip,1Story,5,2005,2005,2,GasA,1,564,0,Normal,266000
344,Gable,2Story,3,1976,1976,1,GasA,0,336,0,Normal,85000
345,Gable,1.5Fin,5,1939,1950,1,GasA,1,312,0,Normal,140200
346,Hip,1Story,8,1960,1998,1,GasA,0,301,0,Normal,151500
347,Gable,1Story,5,1960,1960,2,GasA,2,498,0,Normal,157500
348,Gable,2Story,5,2003,2004,2,GasA,0,474,0,Normal,154000
349,Hip,2Story,5,2005,2006,2,GasA,2,706,0,Partial,437154
350,Hip,1Story,5,2007,2007,2,GasA,1,617,0,Partial,318061
351,Gable,1Story,5,1986,1986,1,GasA,1,445,0,Abnorml,190000
352,Gable,1.5Fin,6,1941,1950,1,GasA,0,200,0,Normal,95000
353,Gable,1Story,8,1928,2003,1,GasA,0,484,0,Normal,105900
354,Gable,1.5Fin,5,1940,2000,1,GasA,2,240,0,Normal,140000
355,Gable,1Story,5,1995,1995,2,GasA,0,521,0,Normal,177500
356,Gable,1Story,6,1992,1992,2,GasA,0,400,0,Normal,173000
357,Gable,1Story,5,1976,1976,1,GasA,1,528,0,Normal,134000
358,Hip,SLvl,4,1958,1958,1,GasA,0,288,0,Abnorml,130000
359,Gable,2Story,5,1998,1998,2,GasA,1,592,0,Normal,280000
360,Gable,SFoyer,6,1978,1978,1,GasA,1,470,0,Normal,156000
361,Gable,1.5Fin,5,1940,1982,1,GasA,0,240,0,Normal,145000
362,Gable,SFoyer,5,2003,2003,3,GasA,1,672,0,Normal,198500
363,Gable,2Story,8,1972,2007,1,GasA,0,264,0,Normal,118000
364,Gable,2Story,5,1976,1976,2,GasA,1,566,0,Normal,190000
365,Hip,2Story,7,1920,1997,1,GasA,0,468,0,Normal,147000
366,Gable,1Story,5,1963,1963,1,GasA,2,514,0,Normal,159000
367,Gable,SLvl,5,1962,1962,1,GasA,1,296,0,Normal,165000
368,Gable,1Story,6,1954,1954,1,GasA,1,244,0,Normal,132000
369,Gable,1Story,7,1959,2006,1,GasA,1,576,0,Normal,162000
370,Gable,2Story,5,2000,2000,2,GasA,1,460,0,Normal,172400
371,Gable,1.5Fin,4,1959,1959,2,GasA,1,680,0,Normal,134432
372,Gable,1Story,5,1984,1984,1,GasA,0,264,0,Normal,125000
373,Gable,1Story,6,1953,1953,1,GasA,0,270,0,Normal,123000
374,Gable,2Story,5,2003,2004,2,GasA,1,434,0,Normal,219500
375,Gable,1Story,1,1922,1950,0,GasA,0,0,0,Normal,61000
376,Gable,SFoyer,5,1996,1996,1,GasA,0,576,0,Normal,148000
377,Gable,2Story,5,2004,2005,3,GasA,1,610,0,Normal,340000
378,Hip,1Story,2,2010,2010,1,GasA,1,834,0,Partial,394432
379,Gable,2Story,5,2000,2000,2,GasA,1,463,0,Normal,179000
380,Gable,1.5Fin,6,1924,1950,2,GasA,1,308,0,Normal,127000
381,Gable,1Story,5,2006,2006,2,GasA,1,572,0,Partial,187750
382,Gable,2Story,5,2006,2006,2,GasA,0,639,0,Normal,213500
383,Gable,1.5Unf,3,1928,1950,1,GasA,0,360,0,Normal,76000
384,Gable,2Story,5,1992,1992,2,GasA,2,501,0,Normal,240000
385,Gable,1Story,5,2004,2005,2,GasA,1,430,0,Normal,192000
386,Gambrel,1.5Fin,3,1910,1996,1,GasA,0,0,0,AdjLand,81000
387,Hip,SLvl,6,1976,1976,1,GasA,1,352,0,Abnorml,125000
388,Gable,1Story,5,1999,2000,2,GasA,0,577,0,Normal,191000
389,Gable,2Story,5,2007,2008,2,GasA,1,846,0,Partial,426000
390,Gable,1.5Fin,8,1900,1950,1,GasA,0,384,0,Normal,119000
391,Gable,2Story,5,2001,2002,2,GasA,1,560,0,Normal,215000
392,Gable,1Story,7,1959,1959,1,GasA,0,294,0,Normal,106500
393,Gable,1Story,5,1941,1950,1,GasA,2,0,0,Abnorml,100000
394,Gable,1.5Fin,6,1940,1950,1,GasA,0,240,0,Normal,109000
395,Gable,1Story,6,1956,1956,1,GasA,0,596,0,Normal,129000
396,Hip,1Story,5,1972,1972,1,GasA,0,600,0,Normal,123000
397,Gable,2Story,5,1962,1962,2,GasA,1,264,0,Normal,169500
398,Gable,1Story,2,1920,1950,1,GasA,0,338,0,Abnorml,67000
399,Gable,2Story,5,2006,2007,2,GasA,0,438,0,Normal,241000
400,Gable,1Story,5,1996,1996,1,GasA,2,500,0,Normal,245500
401,Gable,1Story,5,2005,2005,2,GasA,1,400,0,Partial,164990
402,Gable,1Story,8,1940,1997,1,GasA,0,240,0,Normal,108000
403,Hip,2Story,5,1998,1998,2,GasA,1,420,0,Abnorml,258000
404,Gable,2Story,5,1995,1996,2,GasA,1,373,0,Normal,168000
405,Gable,1Story,4,1976,1993,2,GasA,1,490,0,Normal,150000
406,Gable,1.5Fin,5,1936,1950,1,GasA,0,240,0,Normal,115000
407,Gable,2Story,7,1915,1976,2,GasA,0,308,0,Normal,177000
408,Gable,2Story,5,2006,2006,2,GasA,1,947,0,Partial,280000
409,Gable,2Story,5,2007,2008,2,GasA,1,836,0,Partial,339750
410,Gable,1Story,3,1958,1958,1,GasA,0,350,0,Abnorml,60000
411,Hip,1Story,5,1955,1955,1,GasA,0,572,0,Normal,145000
412,Gable,1Story,5,2009,2009,2,GasA,1,484,0,Partial,222000
413,Gable,1Story,6,1927,1950,1,GasA,1,360,0,Normal,115000
414,Gable,2Story,5,1993,1993,2,GasA,1,678,0,Normal,228000
415,Gable,1Story,5,2007,2007,2,GasA,0,396,0,Partial,181134
416,Hip,2Story,7,1978,1978,1,GasA,1,440,0,Normal,149500
417,Hip,2Story,6,1918,1950,2,GasW,1,864,0,Normal,239000
418,Gable,1.5Fin,6,1940,1950,1,GasA,0,240,0,AdjLand,126000
419,Gable,1Story,6,1968,1968,1,GasA,1,304,0,Normal,142000
420,Gable,SFoyer,5,1997,1998,2,GasA,0,784,0,Alloca,206300
421,Gable,1Story,7,1977,2000,2,GasA,1,529,0,Normal,215000
422,Hip,1Story,5,1954,1954,1,GasA,0,520,0,Normal,113000
423,Gable,2Story,5,1998,1998,2,GasA,1,696,0,Normal,315000
424,Gable,1Story,5,1956,1956,1,GasA,1,297,0,Normal,139000
425,Gable,2Story,8,1946,1992,1,GasA,2,240,0,Normal,135000
426,Gable,SLvl,5,1989,1989,2,GasA,1,569,0,Normal,275000
427,Hip,1Story,6,1957,1957,1,GasA,0,352,0,Normal,109008
428,Gable,1Story,5,2007,2007,2,GasA,0,628,0,Partial,195400
429,Gable,1Story,5,1988,1988,2,GasA,1,576,0,Normal,175000
430,Gable,2Story,5,1971,1971,1,GasA,0,264,0,Abnorml,85400
431,Gable,1.5Fin,7,1920,1998,1,GasA,0,0,0,Abnorml,79900
432,Gable,2Story,5,1971,1971,1,GasA,0,440,0,Normal,122500
433,Gable,2Story,5,1997,1998,2,GasA,1,470,0,Normal,181000
434,Gable,SFoyer,7,1972,1972,1,GasA,0,0,0,Normal,81000
435,Gable,2Story,6,1996,1996,2,GasA,1,550,0,Normal,212000
436,Gable,1.5Fin,8,1920,1950,1,GasA,0,440,0,Normal,116000
437,Gable,1.5Unf,7,1926,2004,1,GasA,0,180,0,Normal,119000
438,Gable,1Story,6,1913,2002,1,GasA,1,352,0,Normal,90350
439,Gable,1.5Fin,8,1920,2000,1,GasA,0,528,0,Normal,110000
440,Hip,1Story,5,2008,2008,2,GasA,2,672,0,Normal,555000
441,Gable,1Story,4,1955,1955,2,GasA,0,0,0,Normal,118000
442,Gable,1.5Fin,7,1930,1992,2,GasA,1,360,0,Normal,162900
443,Gable,1Story,5,2006,2007,2,GasA,1,648,0,Partial,172500
444,Gable,2Story,5,1994,1995,2,GasA,1,493,0,Normal,210000
445,Hip,1Story,5,1956,1956,1,GasA,1,480,0,Normal,127500
446,Gable,1Story,6,1966,2002,2,GasA,1,578,0,Normal,190000
447,Gable,2Story,5,1998,1999,2,GasA,1,431,0,Normal,199900
448,Gable,1.5Fin,6,1937,1950,2,GasA,1,198,0,Normal,119500
449,Gable,1.5Fin,7,1948,2002,1,GasA,0,308,0,Normal,120000
450,Hip,1Story,8,1930,2005,1,GasA,0,270,0,Normal,110000
451,Gable,1Story,5,1975,1975,2,GasA,2,576,0,Normal,280000
452,Hip,2Story,5,1996,1997,2,GasA,0,422,0,Normal,204000
453,Gable,2Story,5,2008,2008,2,GasA,0,676,0,Normal,210000
454,Gable,1Story,5,1976,1976,2,GasA,0,560,0,Family,188000
455,Hip,1Story,6,1973,1973,1,GasA,1,528,0,Normal,175500
456,Gable,2Story,5,1916,1950,1,GasA,0,513,0,Abnorml,98000
457,Flat,1Story,6,1954,1994,1,GasA,2,529,0,Normal,256000
458,Hip,2Story,7,1925,1996,1,GasA,1,228,0,Normal,161000
459,Gable,1.5Fin,4,1950,1950,1,GasA,1,352,0,Normal,110000
460,Gable,2Story,5,2009,2009,2,GasA,0,552,0,Partial,263435
461,Gable,2Story,9,1936,2007,1,GasA,0,576,0,Normal,155000
462,Gable,1Story,5,1965,1965,1,GasA,1,360,0,Normal,62383
463,Hip,2Story,7,1934,1995,1,GasA,1,240,0,Normal,188700
464,Gable,1Story,5,1978,1978,2,GasA,0,0,0,Normal,124000
465,Hip,1Story,5,2004,2004,2,GasA,1,398,0,Normal,178740
466,Flat,1Story,5,1970,1970,1,GasA,1,526,0,Normal,167000
467,Gable,2Story,7,1942,1995,1,GasA,2,312,0,Normal,146500
468,Gable,1Story,5,2006,2006,2,GasA,1,866,0,Normal,250000
469,Gable,2Story,5,1993,1993,2,GasA,0,506,0,Normal,187000
470,Gable,1Story,5,1985,1985,1,GasA,0,528,0,Normal,212000
471,Mansard,2Story,6,1977,1977,2,GasA,1,534,0,Normal,190000
472,Gable,SLvl,5,2005,2005,1,GasA,0,525,0,Normal,148000
473,Gable,1Story,5,2006,2007,2,GasA,1,908,0,Partial,440000
474,Gable,1Story,5,2000,2000,2,GasA,0,499,0,Normal,251000
475,Hip,1Story,6,1963,1963,1,GasA,0,624,0,Normal,132500
476,Gable,1Story,5,1997,1998,2,GasA,1,508,0,Normal,208900
477,Hip,2Story,5,2006,2006,2,GasA,1,694,0,Normal,380000
478,Hip,1Story,5,2007,2008,2,GasA,1,826,0,Normal,297000
479,Hip,1Story,7,1937,2000,1,GasA,0,672,0,Alloca,89471
480,Hip,1Story,5,2004,2005,2,GasA,1,772,0,Normal,326000
481,Hip,1Story,5,2003,2004,2,GasA,1,874,0,Normal,374000
482,Gable,2Story,8,1915,2005,1,GasA,1,164,0,Normal,155000
483,Hip,1Story,5,1998,1998,2,GasA,0,402,0,Normal,164000
484,Gable,1Story,7,1962,2001,1,GasA,0,264,0,Normal,132500
485,Gable,1Story,7,1950,2007,1,GasA,1,264,0,Normal,147000
486,Hip,1Story,7,1965,1965,1,GasA,0,515,0,Normal,156000
487,Gable,1Story,6,1971,1971,2,GasA,1,487,0,Normal,175000
488,Gable,1.5Fin,4,1900,1970,2,GasA,1,520,0,Normal,160000
489,Gable,SFoyer,8,1970,2002,1,GasA,0,286,0,Normal,86000
490,Gable,2Story,6,1976,1976,1,GasA,1,336,0,Normal,115000
491,Gable,1.5Fin,7,1941,1950,1,GasA,2,240,0,Normal,133000
492,Gable,2Story,5,2006,2006,2,GasA,0,429,0,Partial,172785
493,Gable,1Story,6,1960,1960,1,GasA,1,308,0,Normal,155000
494,Gable,1Story,8,1938,1996,1,GasA,0,273,0,Normal,91300
495,Gable,1Story,5,1920,1950,1,GasA,0,0,0,Abnorml,34900
496,Hip,1Story,5,1992,1993,3,GasA,1,546,0,Normal,430000
497,Gable,1.5Fin,6,1925,1950,2,GasA,0,240,0,Normal,184000
498,Hip,1Story,7,1967,2004,1,GasA,0,288,0,Normal,130000
499,Gable,1Story,7,1958,1985,1,GasA,0,297,0,Normal,120000
500,Gable,2Story,5,1973,1973,1,GasA,0,264,0,Normal,113000
501,Gable,2Story,5,2005,2005,2,GasA,0,603,0,Normal,226700
502,Hip,1Story,7,1965,1965,1,GasA,0,461,0,Normal,140000
503,Gable,1Story,8,1959,1997,2,GasA,2,484,0,Normal,289000
504,Gable,2Story,5,1974,1974,2,GasA,1,440,0,Normal,147000
505,Hip,2Story,5,1952,1952,2,GasA,0,400,0,Normal,124500
506,Gable,2Story,5,1993,1994,2,GasA,1,471,0,Normal,215000
507,Gable,1Story,5,2009,2009,2,GasA,0,676,0,Partial,208300
508,Gambrel,2Story,9,1928,2005,2,GasA,1,360,0,Normal,161000
509,Gable,1Story,6,1959,1959,1,GasA,0,270,0,Normal,124500
510,Hip,1Story,7,1951,2000,1,GasA,2,288,0,Normal,164900
511,Gable,1Story,5,2005,2006,2,GasA,1,474,0,Partial,202665
512,Gable,1Story,5,1958,1958,1,GasA,0,624,0,Normal,129900
513,Gable,1Story,5,1983,1983,1,GasA,0,484,0,Normal,134000
514,Gable,1.5Unf,5,1926,1950,1,Grav,0,200,0,Normal,96500
515,Hip,1Story,5,2009,2009,2,GasA,1,900,0,Partial,402861
516,Gable,SLvl,6,1972,1972,2,GasA,1,583,0,Abnorml,158000
517,Gable,2Story,5,1996,1997,2,GasA,1,889,0,Normal,265000
518,Gable,2Story,5,1998,1998,2,GasA,0,546,0,Normal,211000
519,Gambrel,2Story,9,1926,2004,1,GasA,2,282,0,Normal,234000
520,Gable,2Story,7,1900,2000,2,GasA,0,0,0,Normal,106250
521,Gable,1Story,6,1957,1957,1,GasA,2,336,0,Normal,150000
522,Gable,1.5Fin,7,1947,1950,2,GasA,2,420,0,Normal,159000
523,Hip,2Story,5,2007,2008,3,GasA,1,884,0,Partial,184750
524,Gable,2Story,5,1996,1997,2,GasA,1,834,0,Normal,315750
525,Gable,1Story,5,2005,2005,2,GasA,1,453,0,Normal,176000
526,Hip,1Story,7,1956,2000,1,GasA,0,252,0,Normal,132000
527,Hip,2Story,5,2008,2008,2,GasA,1,858,0,Partial,446261
528,Gable,1Story,7,1920,2002,1,GasA,0,0,0,Normal,86000
529,Hip,1Story,3,1957,1975,3,GasA,2,484,0,Alloca,200624
530,Gable,SLvl,5,1988,1989,2,GasA,1,600,0,Abnorml,175000
531,Gable,2Story,8,1920,1999,2,GasA,0,502,0,Normal,128000
532,Gable,1Story,7,1955,2007,1,GasA,1,392,0,Normal,107500
533,Gable,1Story,3,1946,1950,1,GasA,0,0,0,Normal,39300
534,Gable,2Story,5,2004,2004,2,GasA,1,403,0,Normal,178000
535,Gable,2Story,7,1910,1991,1,GasA,0,0,0,Normal,107500
536,Gable,2Story,5,1998,1999,2,GasA,0,527,0,Normal,188000
537,Hip,1Story,5,1972,1972,1,GasA,0,576,0,Normal,111250
538,Hip,1Story,5,1968,1968,1,GasA,1,336,0,Normal,158000
539,Gable,1Story,5,2001,2002,2,GasA,1,670,0,Normal,272000
540,Hip,1Story,5,2006,2006,2,GasA,1,765,0,Normal,315000
541,Gable,2Story,5,2000,2000,2,GasA,1,648,0,Normal,248000
542,Hip,1Story,5,1998,1999,2,GasA,1,583,0,Normal,213250
543,Gable,SFoyer,5,1998,1998,1,GasA,0,367,0,Normal,133000
544,Gable,2Story,5,2006,2006,2,GasA,1,426,0,Partial,179665
545,Gable,1.5Fin,5,1988,1988,2,GasA,0,786,0,Normal,229000
546,Gable,1.5Fin,7,1923,1950,1,GasA,1,440,0,Normal,210000
547,Gable,SFoyer,7,1970,1970,1,GasA,0,624,0,Normal,129500
548,Gable,1Story,7,1955,1995,1,GasA,0,720,0,Normal,125000
549,Gable,2Story,5,2003,2004,2,GasA,1,615,0,Normal,263000
550,Gable,1Story,6,1977,1977,2,GasA,0,440,0,Abnorml,140000
551,Hip,1Story,6,1957,1957,1,GasA,0,288,0,Normal,112500
552,Gable,1Story,5,2006,2006,2,GasA,1,908,0,Normal,255500
553,Gable,1Story,5,1949,2003,2,GasA,0,520,0,Normal,108000
554,Gable,2Story,5,2003,2004,2,GasA,1,871,0,Normal,284000
555,Gable,1.5Unf,6,1922,1950,1,GasA,1,280,0,Normal,113000
556,Gable,1Story,5,1957,1957,1,GasA,1,299,0,Normal,141000
557,Gable,1.5Fin,6,1920,1950,1,GasA,0,570,0,Normal,108000
558,Gable,2Story,5,1996,1997,2,GasA,1,406,0,Normal,175000
559,Gable,1Story,5,2003,2004,2,GasA,1,420,0,Normal,234000
560,Hip,1Story,6,1957,1996,1,GasA,1,528,0,Normal,121500
561,Gable,1Story,5,1974,1975,1,GasA,1,418,0,Normal,170000
562,Gable,1Story,6,1940,1969,1,GasA,1,0,0,Normal,108000
563,Gable,1.5Fin,7,1918,1950,2,GasA,1,396,0,Normal,185000
564,Gable,2Story,5,1992,2000,2,GasA,1,590,0,Normal,268000
565,Gable,2Story,4,1915,1950,1,GasA,0,216,0,Normal,128000
566,Hip,2Story,5,2005,2007,2,GasA,1,656,0,Normal,325000
567,Gable,1Story,5,2004,2004,2,GasA,0,532,0,Normal,214000
568,Gable,1.5Fin,8,1983,2009,1,GasA,1,612,0,Normal,316600
569,Gable,SFoyer,5,1979,1979,1,GasA,2,600,0,Normal,135960
570,Gable,1Story,5,1965,1965,2,GasA,0,576,0,Normal,142600
571,Gable,1Story,6,1959,1959,1,GasA,0,288,0,Abnorml,120000
572,Gable,2Story,5,2009,2009,2,GasA,0,650,0,Partial,224500
573,Gable,SLvl,5,2000,2000,2,GasA,1,400,0,Normal,170000
574,Gambrel,SLvl,7,1971,2005,1,GasA,0,288,0,Normal,139000
575,Gable,1.5Fin,5,1947,1950,1,GasA,0,336,0,Abnorml,118500
576,Gable,1.5Fin,7,1928,1950,2,GasA,1,216,0,Normal,145000
577,Gable,SLvl,6,1966,1966,1,GasA,2,564,0,Abnorml,164500
578,Gable,2Story,5,2007,2007,2,GasA,0,540,0,Abnorml,146000
579,Gable,1.5Fin,5,1954,1954,2,GasA,0,352,0,Normal,131500
580,Gable,1Story,6,1960,1987,1,GasA,2,572,0,Normal,181900
581,Hip,1Story,5,2008,2009,2,GasA,1,1390,0,Partial,253293
582,Gable,SFoyer,5,1990,1990,1,GasA,0,0,0,Normal,118500
583,Gable,2.5Unf,9,1893,2000,3,GasA,1,880,0,Normal,325000
584,Gable,1.5Fin,7,1935,1995,1,GasA,0,240,0,Normal,133000
585,Hip,1Story,5,2005,2006,2,GasA,2,880,0,Partial,369900
586,Gable,1Story,7,1918,2000,1,GasA,0,275,0,Normal,130000
587,Hip,SFoyer,6,1982,1982,1,GasA,0,528,0,Normal,137000
588,Flat,1Story,8,1968,2003,1,GasA,2,452,0,Partial,143000
589,Gable,1Story,6,1930,1960,1,GasA,0,308,0,Normal,79500
590,Gable,2Story,5,2004,2004,2,GasA,0,520,0,Normal,185900
591,Gable,2Story,5,2008,2008,2,GasA,1,842,0,Normal,451950
592,Gable,1Story,8,1982,2003,1,GasA,0,816,0,Normal,138000
593,Gable,1Story,5,2003,2003,1,GasA,0,420,0,Normal,140000
594,Hip,1Story,6,1975,1975,1,GasA,0,280,0,Normal,110000
595,Gable,1Story,5,2005,2006,2,GasA,1,758,0,Partial,319000
596,Gable,2Story,7,1910,1993,1,GasA,0,216,0,Normal,114504
597,Gable,1Story,5,2006,2007,0,GasA,1,648,0,Partial,194201
598,Gable,1Story,6,1977,1977,2,GasA,1,621,0,Normal,217500
599,Gable,2Story,6,1980,1980,2,GasA,1,452,0,Normal,151000
600,Gable,2Story,5,2005,2005,2,GasA,1,736,0,Normal,275000
601,Gable,1.5Fin,6,1937,1950,1,GasA,1,544,0,Normal,141000
602,Gable,2Story,5,1992,1992,2,GasA,1,506,0,Abnorml,220000
603,Gable,2Story,5,2004,2005,2,GasA,0,480,0,Normal,151000
604,Gable,1Story,5,2002,2002,2,GasA,1,530,0,Normal,221000
605,Gable,2Story,6,1965,1990,2,GasA,3,486,0,Normal,205000
606,Gable,1Story,5,1996,1996,1,GasA,0,576,0,Normal,152000
607,Gable,2Story,8,1948,2002,3,GasA,0,230,0,Normal,225000
608,Gable,2Story,6,1934,1998,2,GasA,2,380,0,Alloca,359100
609,Gable,1Story,5,1961,1961,1,GasA,0,261,0,Normal,118500
610,Hip,2Story,5,2000,2000,2,GasA,2,736,0,Normal,313000
611,Gable,SLvl,6,1978,1978,2,GasA,1,564,0,Normal,148000
612,Gable,2Story,5,2001,2001,2,GasA,1,531,0,Normal,261500
613,Gable,1Story,5,2007,2007,1,GasA,0,0,0,Partial,147000
614,Gable,SFoyer,6,1972,1972,1,GasA,0,0,0,Normal,75500
615,Gable,SFoyer,7,1963,1963,1,GasA,0,480,0,Abnorml,137500
616,Gable,2Story,5,2002,2003,2,GasA,1,393,0,Normal,183200
617,Gable,1.5Unf,6,1954,1954,1,GasA,0,528,0,Normal,105500
618,Hip,1Story,5,2007,2007,2,GasA,1,774,0,Partial,314813
619,Hip,2Story,5,2003,2003,2,GasA,2,749,0,Normal,305000
620,Gable,1Story,3,1914,1950,1,GasA,0,0,0,Normal,67000
621,Gable,2Story,7,1974,1997,2,GasA,1,624,0,Normal,240000
622,Gable,1Story,6,1977,1977,1,GasA,0,484,0,Normal,135000
623,Gable,2Story,5,2000,2000,2,GasA,1,440,0,Normal,168500
624,Gable,2Story,5,1972,1972,1,GasA,1,484,0,Normal,165150
625,Hip,1Story,6,1962,1962,1,GasA,0,440,0,Normal,160000
626,Hip,1Story,5,1960,1978,1,GasA,1,286,0,Normal,139900
627,Gable,SLvl,6,1955,1972,1,GasA,2,364,0,Normal,153000
628,Gable,2Story,5,1969,1969,1,GasA,2,504,0,Family,135000
629,Gable,SLvl,5,1964,1964,1,GasA,0,520,0,Normal,168500
630,Gable,2Story,6,1880,1991,1,GasA,0,240,0,Abnorml,124000
631,Gable,1Story,5,2006,2006,2,GasA,1,627,0,Normal,209500
632,Hip,1Story,5,1977,1977,2,GasA,1,544,0,Family,82500
633,Gable,1Story,7,1954,2005,1,GasA,0,260,0,Normal,139400
634,Gable,SFoyer,5,1980,1980,0,GasA,0,576,0,Normal,144000
635,Hip,2.5Fin,7,1914,1995,2,GasA,0,0,0,Abnorml,200000
636,Gable,1Story,3,1936,1950,1,Grav,1,0,0,Normal,60000
637,Gable,1.5Fin,4,1954,1954,2,GasA,0,256,0,Normal,93000
638,Gable,1Story,7,1910,1950,1,GasA,0,0,0,Normal,85000
639,Hip,1Story,5,2006,2006,2,GasA,1,648,0,Partial,264561
640,Hip,1Story,5,2003,2004,1,GasA,1,588,0,Normal,274000
641,Gable,2Story,5,2001,2001,2,GasA,1,650,0,Normal,226000
642,Gable,SLvl,7,1972,1995,2,GasA,3,538,0,Normal,345000
643,Mansard,2Story,5,1969,1969,2,GasA,0,462,0,Normal,152000
644,Gable,1Story,5,2009,2009,2,GasA,1,478,0,Partial,370878
645,Hip,1Story,5,1971,1971,1,GasA,0,576,0,Normal,143250
646,Hip,1Story,5,1950,1950,1,GasA,0,420,0,Normal,98300
647,Hip,1Story,5,1953,1953,1,GasA,2,495,0,Normal,155000
648,Gable,2Story,5,1966,1966,1,GasA,1,442,0,Normal,155000
649,Gable,SFoyer,6,1970,1970,1,GasA,0,0,0,Normal,84500
650,Gable,2Story,6,2007,2007,2,GasA,0,562,0,Normal,205950
651,Gable,2Story,5,1940,1950,1,GasA,1,296,0,Normal,108000
652,Gable,2Story,5,1996,1996,2,GasA,1,512,0,Normal,191000
653,Gable,1.5Fin,7,1906,1995,1,GasA,0,216,0,Normal,135000
654,Hip,1Story,6,1995,1995,2,GasA,1,839,0,Normal,350000
655,Gable,2Story,5,1971,1971,1,GasA,0,264,0,Family,88000
656,Gable,1Story,7,1959,2006,1,GasA,0,312,0,Normal,145500
657,Gable,2Story,6,1931,2000,1,GasA,1,270,0,Normal,149000
658,Gable,1.5Fin,5,1948,1950,1,GasA,1,330,0,Abnorml,97500
659,Hip,1Story,7,1964,1999,1,GasA,0,480,0,Normal,167000
660,Gable,2Story,7,1976,1976,2,GasA,1,550,0,Normal,197900
661,Hip,2Story,7,1994,2005,2,GasA,1,711,0,Normal,402000
662,Hip,1Story,3,1968,1968,1,GasA,2,576,0,Normal,110000
663,Gable,SFoyer,5,1972,1972,2,GasA,0,588,0,Normal,137500
664,Gable,1Story,5,2005,2006,1,GasA,1,1134,0,Partial,423000
665,Gable,2Story,5,2000,2000,2,GasA,1,504,0,Normal,230500
666,Flat,2Story,5,1965,1979,2,GasA,1,596,0,Abnorml,129000
667,Gable,1Story,5,1994,1998,2,GasA,1,575,0,Normal,193500
668,Gable,1Story,6,1956,1987,1,GasA,1,576,0,Normal,168000
669,Gable,1Story,5,1922,1950,1,GasA,1,252,0,Normal,137500
670,Gable,2Story,5,2005,2005,2,GasA,0,540,0,Normal,173500
671,Gambrel,2Story,6,1925,1950,2,GasA,0,300,0,Normal,103600
672,Gable,1Story,6,1977,1977,1,GasA,1,546,0,Normal,165000
673,Hip,1Story,7,1957,2004,2,GasA,2,416,0,Normal,257500
674,Gable,1Story,6,1965,1965,1,GasA,1,384,0,Normal,140000
675,Gable,2Story,6,1978,1978,2,GasA,1,440,0,Normal,148500
676,Gable,2Story,2,1900,1950,2,GasW,0,779,0,Normal,87000
677,Gable,1Story,8,1924,2006,1,GasA,0,240,0,Normal,109500
678,Hip,1Story,5,2008,2008,2,GasA,1,834,0,Partial,372500
679,Hip,1Story,5,1961,1961,1,GasA,0,572,0,Normal,128500
680,Gable,1Story,5,1980,1980,2,GasA,1,264,0,Normal,143000
681,Gable,1.5Fin,5,1932,2000,1,GasA,0,281,0,Abnorml,159434
682,Gable,1Story,5,1996,1997,1,GasA,1,431,0,Normal,173000
683,Hip,1Story,5,2002,2002,2,GasA,1,702,0,Normal,285000
684,Gable,2Story,5,1998,1998,2,GasA,0,486,0,Normal,221000
685,Gable,2Story,5,1984,1984,2,GasA,1,577,0,Normal,207500
686,Gable,2Story,6,2007,2007,3,GasA,0,578,0,Partial,227875
687,Gable,2Story,5,2004,2004,2,GasA,0,480,0,Normal,148800
688,Gable,1Story,6,2007,2007,2,GasA,1,567,0,Partial,392000
689,Gable,1Story,5,2005,2006,2,GasA,1,460,0,Normal,194700
690,Gable,1Story,5,2004,2004,1,GasA,1,420,0,Normal,141000
691,Gable,2Story,6,1994,1995,3,GasA,2,832,0,Normal,755000
692,Hip,2Story,5,1989,1990,2,GasA,2,628,0,Normal,335000
693,Gable,1Story,6,1921,1968,1,GasA,0,326,0,Abnorml,108480
694,Gable,1.5Fin,6,1936,1950,1,GasA,0,576,0,Normal,141500
695,Gable,1Story,6,1987,1987,2,GasA,1,551,0,Normal,176000
696,Gable,1Story,7,1921,1950,1,GasA,0,205,0,Normal,89000
697,Gable,1Story,7,1952,1952,1,GasA,0,308,0,Normal,123500
698,Gable,1Story,8,1965,2009,1,GasA,1,336,0,Normal,138500
699,Gable,1Story,5,2004,2004,2,GasA,0,530,0,Normal,196000
700,Hip,1Story,5,2002,2002,2,GasA,1,765,0,Normal,312500
701,Hip,1Story,5,1969,1969,1,GasA,0,528,0,Normal,140000
702,Hip,2Story,5,2006,2006,2,GasA,1,666,0,Partial,361919
703,Gable,2Story,9,1900,1996,2,GasA,1,672,0,Normal,140000
704,Gable,1Story,5,2004,2005,2,GasA,0,606,0,Normal,213000
705,Hip,2Story,5,1930,1950,2,GasA,0,0,0,Normal,55000
706,Gable,1Story,5,1971,2002,2,GasA,2,739,0,Normal,302000
707,Hip,1Story,5,2006,2006,2,GasA,1,550,0,Normal,254000
708,Hip,2Story,5,2007,2007,2,GasA,1,400,0,Partial,179540
709,Gable,1Story,7,1966,1966,1,GasA,0,408,0,Abnorml,109900
710,Gable,1Story,6,1935,2003,1,GasA,0,0,0,Normal,52000
711,Gable,1.5Fin,7,1900,1950,1,GasA,0,384,0,Abnorml,102776
712,Gable,1Story,5,1988,1989,2,GasA,1,472,0,Normal,189000
713,Gable,1Story,5,1970,1970,1,GasW,0,576,0,Normal,129000
714,Gable,2Story,8,1976,2005,2,GasA,0,475,0,Normal,130500
715,Hip,1Story,5,1974,1974,2,GasA,1,478,0,Normal,165000
716,Gable,2Story,8,1890,1998,1,GasA,0,704,0,Normal,159500
717,Gable,1Story,6,1973,2000,1,GasA,1,439,0,Normal,157000
718,Hip,2Story,5,1993,1994,2,GasA,1,983,0,Normal,341000
719,Gable,1Story,6,1969,1969,1,GasA,1,300,0,Normal,128500
720,Gable,1Story,5,1985,1985,2,GasA,1,564,0,Normal,275000
721,Gable,1Story,5,2004,2004,1,GasA,0,420,0,Normal,143000
722,Gable,1Story,7,1970,1970,1,GasA,0,463,0,Normal,124500
723,Gable,1.5Fin,6,1954,1972,2,GasA,0,548,0,Normal,135000
724,Hip,1Story,5,2007,2008,2,GasA,1,768,0,Normal,320000
725,Gable,1Story,6,1970,1970,1,GasA,0,660,0,Normal,120500
726,Hip,1Story,9,1988,2007,2,GasA,1,540,0,Normal,222000
727,Gable,1Story,5,2007,2007,2,GasA,0,632,0,Normal,194500
728,Gable,1Story,5,1958,1958,2,GasA,0,888,0,Abnorml,110000
729,Gable,1.5Fin,5,1925,1950,1,GasA,0,539,0,Normal,103000
730,Gable,1Story,5,1995,1996,2,GasA,1,608,0,Normal,236500
731,Gable,SLvl,5,2003,2003,2,GasA,1,438,0,Normal,187500
732,Gable,2Story,5,1998,1999,2,GasA,1,541,0,Normal,222500
733,Hip,1Story,6,1961,1983,1,GasA,1,264,0,Normal,131400
734,Gable,1Story,5,1968,1968,1,GasA,0,300,0,Family,108000
735,Gable,2.5Unf,7,1914,1970,1,GasW,2,320,0,Normal,163000
736,Gable,1Story,4,1950,1950,2,GasA,0,400,0,Normal,93500
737,Gable,2Story,5,2005,2005,2,GasA,1,800,0,Normal,239900
738,Gable,1Story,5,1987,1988,3,GasA,0,0,0,Alloca,179000
739,Gable,2Story,5,2004,2004,2,GasA,0,572,0,Normal,190000
740,Gable,2Story,7,1910,2002,2,GasA,0,360,0,Abnorml,132000
741,Hip,1Story,8,1961,1996,1,GasA,0,288,0,Normal,142000
742,Gable,1Story,5,2000,2001,2,GasA,0,539,0,Normal,179000
743,Gable,SLvl,6,1963,1999,2,GasA,1,480,0,Normal,175000
744,Gable,1Story,5,1993,1993,2,GasA,1,462,0,Normal,180000
745,Hip,2Story,9,1976,1996,3,GasA,2,831,0,Normal,299800
746,Gable,2Story,5,2000,2000,2,GasA,1,554,0,Normal,236000
747,Mansard,2Story,7,1880,2003,1,GasW,1,864,0,Normal,265979
748,Hip,1Story,5,1996,1996,2,GasA,1,527,0,Normal,260400
749,Gable,1.5Fin,3,1945,1950,2,Wall,0,240,0,Normal,98000
750,Gable,1.5Fin,7,1910,2004,1,GasA,0,0,0,Normal,96500
751,Gable,2Story,5,2003,2003,2,GasA,0,400,0,Normal,162000
752,Gable,1Story,5,1997,1997,2,GasA,0,576,0,Normal,217000
753,Gable,2Story,5,2005,2005,2,GasA,1,878,0,Normal,275500
754,Gable,1Story,8,1969,2005,1,GasA,0,440,0,Normal,156000
755,Gable,2Story,5,1999,1999,2,GasA,0,440,0,Normal,172500
756,Gable,2Story,5,2007,2007,2,GasA,0,578,0,Normal,212000
757,Hip,2Story,5,1978,1978,2,GasA,1,440,0,Abnorml,158900
758,Gable,2Story,5,1999,1999,2,GasA,0,440,0,Normal,179400
759,Gable,2Story,5,1995,1995,2,GasA,1,752,0,Normal,290000
760,Hip,1Story,6,1959,1959,1,GasA,0,300,0,Normal,127500
761,Gable,1Story,5,1924,1950,1,GasA,0,440,0,Normal,100000
762,Gable,2Story,5,2009,2009,2,GasA,0,614,0,Normal,215200
763,Gable,2Story,5,1999,1999,2,GasA,1,856,0,Normal,337000
764,Hip,1Story,5,1995,1996,1,GasA,1,481,0,Normal,270000
765,Gable,1Story,5,2008,2008,2,GasA,1,592,0,Partial,264132
766,Gable,2Story,5,1988,1988,2,GasA,1,496,0,Normal,196500
767,Gable,1.5Fin,7,1940,1985,2,GasA,0,423,0,Normal,160000
768,Hip,1Story,5,2004,2005,2,GasA,1,484,0,Normal,216837
769,Hip,2Story,5,2003,2003,3,GasA,1,841,0,Normal,538000
770,Hip,SFoyer,5,1982,1982,1,GasA,0,576,0,Normal,134900
771,Gable,1Story,5,1951,1951,1,GasA,0,396,0,Normal,102000
772,Gable,SLvl,5,1976,1976,1,GasA,1,672,0,Abnorml,107000
773,Gable,1Story,5,1958,1958,1,GasA,0,275,0,Normal,114500
774,Hip,1Story,5,2006,2006,2,GasA,1,895,0,Partial,395000
775,Hip,1Story,5,1998,1998,2,GasA,0,412,0,Normal,162000
776,Gable,1Story,5,2005,2006,2,GasA,0,865,0,Partial,221500
777,Hip,1Story,5,1974,1974,1,GasA,1,440,0,Normal,142500
778,Gable,1Story,5,1977,1977,2,GasA,2,630,0,Normal,144000
779,Gable,SFoyer,5,1977,1977,1,GasA,0,504,0,Normal,135000
780,Gable,1Story,5,1995,1996,2,GasA,1,402,0,Normal,176000
781,Gable,2Story,5,1992,1992,2,GasA,0,484,0,Normal,175900
782,Gable,1Story,5,2001,2002,2,GasA,0,605,0,Normal,187100
783,Gable,SFoyer,6,1978,1978,1,GasA,1,602,0,Normal,165500
784,Gable,2.5Unf,6,1914,2001,2,GasA,1,0,0,Normal,128000
785,Gable,1Story,5,1967,1967,2,GasA,1,457,0,Normal,161500
786,Gable,1.5Fin,6,1915,1950,2,GasA,0,416,0,Normal,139000
787,Gable,2Story,5,2004,2004,2,GasA,0,618,0,Normal,233000
788,Gable,1Story,7,1954,2000,1,GasA,0,281,0,Normal,107900
789,Gable,2Story,8,1966,2007,2,GasA,0,444,0,Normal,187500
790,Gable,1Story,5,2005,2006,2,GasA,1,397,0,Normal,160200
791,Gable,SLvl,5,1976,1976,1,GasA,2,539,0,Normal,146800
792,Gable,2Story,5,1996,1997,2,GasA,1,455,0,Normal,269790
793,Gable,1Story,5,2007,2007,2,GasA,0,474,0,Partial,225000
794,Gable,2Story,5,1994,1996,2,GasA,1,409,0,Normal,194500
795,Gable,2Story,6,1980,1981,2,GasA,1,476,0,Normal,171000
796,Gable,1Story,5,1977,1977,1,GasA,1,528,0,Normal,143500
797,Gable,1Story,5,1953,1953,1,GasA,0,240,0,Abnorml,110000
798,Hip,2Story,5,2008,2009,3,GasA,2,820,0,Partial,485000
799,Gable,1.5Fin,7,1937,1950,1,GasA,2,240,0,Normal,175000
800,Gable,2Story,5,1997,1997,2,GasA,0,603,0,Normal,200000
801,Gable,1Story,7,1916,1990,1,GasA,0,440,0,Normal,109900
802,Gable,2Story,5,2005,2005,2,GasA,1,410,0,Normal,189000
803,Hip,2Story,5,2008,2009,3,GasA,1,1020,0,Partial,582933
804,Gable,1Story,5,1954,1954,1,GasA,0,286,0,Family,118000
805,Gable,1Story,5,2008,2008,2,GasA,0,554,0,Partial,227680
806,Gable,SLvl,5,1967,1967,2,GasA,0,384,0,Normal,135500
807,Gable,2Story,6,1923,2004,1,GasA,1,528,0,Normal,223500
808,Gable,SLvl,5,1966,1966,1,GasA,1,484,0,Normal,159950
809,Hip,2.5Unf,5,1898,1965,2,GasA,0,360,0,Normal,106000
810,Hip,1Story,6,1974,1999,1,GasA,1,484,648,Normal,181000
811,Gable,1Story,5,2004,2004,1,GasA,1,420,0,Normal,144500
812,Hip,1Story,5,1952,1952,1,GasA,0,504,0,Alloca,55993
813,Gable,1Story,6,1958,1958,1,GasA,0,301,0,Normal,157900
814,Gable,1.5Fin,7,1918,1950,1,GasW,0,280,0,Normal,116000
815,Gable,1Story,5,1998,1998,2,GasA,0,598,0,Normal,224900
816,Gable,1Story,6,1954,1954,1,GasA,1,275,0,Normal,137000
817,Hip,1Story,5,2002,2002,2,GasA,2,857,0,Normal,271000
818,Gable,SLvl,7,1971,1971,1,GasA,0,440,0,Normal,155000
819,Gable,1Story,5,2009,2010,2,GasA,1,484,0,Partial,224000
820,Gable,2Story,5,2003,2003,2,GasA,0,595,0,Normal,183000
821,Gable,1Story,4,1953,1953,1,GasA,0,576,0,Normal,93000
822,Gable,2Story,5,2003,2003,2,GasA,1,433,0,Family,225000
823,Gable,1.5Fin,7,1940,1950,2,GasA,1,240,0,Normal,139500
824,Gable,1Story,5,2006,2006,2,GasA,1,776,0,Partial,232600
825,Hip,1Story,5,2007,2008,2,GasA,1,1220,0,Partial,385000
826,Gable,1.5Unf,6,1924,1950,1,GasA,0,0,0,Normal,109500
827,Gable,1Story,5,2001,2001,2,GasA,1,527,0,Normal,189000
828,Flat,2Story,5,1967,1967,2,GasA,0,538,0,Abnorml,185000
829,Gable,2Story,5,2005,2005,2,GasA,0,480,0,Normal,147400
830,Gable,1Story,5,1957,1957,1,GasA,2,458,0,Normal,166000
831,Gable,2Story,5,2005,2005,2,GasA,0,480,0,Normal,151000
832,Gable,2Story,6,2003,2003,2,GasA,1,613,0,Normal,237000
833,Gable,1Story,6,1964,1964,1,GasA,0,472,0,Normal,167000
834,Gable,1Story,6,1961,1961,1,GasA,0,456,0,Normal,139950
835,Gable,1Story,7,1950,1995,2,GasA,0,436,0,Normal,128000
836,Gable,1Story,6,1948,1973,1,GasA,0,812,0,Normal,153500
837,Gable,2Story,5,1973,1973,1,GasA,0,264,0,Normal,100000
838,Gable,1Story,6,1995,2006,1,GasA,0,352,0,Normal,144000
839,Gable,1.5Fin,6,1946,1995,1,GasA,0,240,0,Normal,130500
840,Gable,2Story,8,1925,1950,2,GasA,0,400,0,Normal,140000
841,Gable,2Story,8,1904,2002,2,GasA,1,686,0,Normal,157500
842,Gable,SLvl,7,1966,1966,1,GasA,0,490,0,Normal,174900
843,Gable,1Story,4,1961,1961,2,GasA,0,0,0,Normal,141000
844,Gable,1.5Fin,8,1915,1950,1,GasA,1,720,0,Normal,153900
845,Gable,SFoyer,5,1975,1981,2,GasA,2,611,0,Normal,171000
846,Gable,2Story,5,1993,1993,2,GasA,1,425,0,Normal,213000
847,Gable,1Story,6,1972,1972,1,GasA,1,338,0,Normal,133500
848,Gable,1.5Fin,8,1908,1997,3,GasA,1,360,0,Normal,240000
849,Hip,SLvl,7,1976,1994,2,GasA,1,512,0,Normal,187000
850,Gable,1Story,5,2003,2003,1,GasA,0,420,0,Normal,131500
851,Gable,1Story,5,2003,2003,2,GasA,1,400,0,Normal,215000
852,Gable,2.5Unf,5,1941,1950,2,GasA,2,240,0,Normal,164000
853,Gable,SLvl,6,1964,1964,1,GasA,1,645,0,Normal,158000
854,Hip,1Story,4,1955,1974,1,GasA,1,454,0,Abnorml,170000
855,Gable,1Story,8,1962,2010,1,GasA,0,260,0,Normal,127000
856,Gable,SLvl,6,1978,1978,1,GasA,0,576,0,Normal,147000
857,Gable,2Story,5,1994,1995,2,GasA,1,343,0,Normal,174000
858,Gable,1Story,5,1976,1976,2,GasA,1,479,0,Family,152000
859,Gable,2Story,7,1968,1984,2,GasA,1,619,0,Normal,250000
860,Gable,1.5Fin,8,1918,1998,1,GasA,1,216,0,Normal,189950
861,Hip,1Story,4,1965,1965,1,GasA,0,504,0,Normal,131500
862,Hip,1Story,5,1984,1985,2,GasA,0,480,0,Normal,152000
863,Hip,1Story,5,1959,1959,1,GasA,0,672,0,Normal,132500
864,Gable,1Story,5,2007,2008,2,GasA,0,529,0,Partial,250580
865,Gable,1Story,6,1970,1970,1,GasA,0,902,0,Normal,148500
866,Gable,1Story,5,2006,2007,2,GasA,1,870,0,Partial,248900
867,Gable,1Story,5,1961,1961,1,GasA,0,544,0,Normal,129000
868,Gable,2Story,6,1948,1950,2,GasA,1,672,0,Normal,169000
869,Gable,2Story,5,1993,1994,2,GasA,1,574,0,Normal,236000
870,Hip,1Story,5,1962,1962,1,GasA,0,308,0,Normal,109500
871,Gable,2Story,5,1998,1998,2,GasA,0,523,0,Normal,200500
872,Gable,1Story,7,1953,1996,1,GasA,0,414,0,Normal,116000
873,Gable,1Story,7,1949,1950,1,GasA,1,288,0,Normal,133000
874,Gable,1.5Fin,6,1941,1950,1,GasA,0,200,0,Abnorml,66500
875,Gable,2Story,5,2007,2007,2,GasA,1,550,0,Partial,303477
876,Gable,1Story,5,1963,1963,1,GasA,0,648,0,Normal,132250
877,Hip,2Story,5,2004,2005,2,GasA,1,738,0,Normal,350000
878,Gable,SFoyer,7,1961,1995,1,GasA,0,576,0,Normal,148000
879,Gable,1Story,8,1978,2005,1,GasA,0,336,0,Normal,136500
880,Gable,1Story,5,2005,2006,1,GasA,0,450,0,Normal,157000
881,Gable,1.5Fin,5,1990,1991,2,GasA,1,400,0,Normal,187500
882,Gable,2Story,5,1992,1993,2,GasA,1,389,0,Normal,178000
883,Gable,2.5Fin,5,1912,1950,1,GasA,0,440,0,Normal,118500
884,Gable,1Story,5,1967,1967,1,GasA,0,288,0,Normal,100000
885,Gable,1Story,5,1999,2000,2,GasA,1,506,0,Abnorml,328900
886,Gable,1Story,5,1959,2005,2,GasA,0,588,0,Family,145000
887,Gable,1.5Fin,7,1955,1955,1,GasA,0,300,0,Normal,135500
888,Flat,1Story,6,1970,1970,2,GasA,1,621,0,Normal,268000
889,Hip,1Story,4,1953,1953,1,GasA,1,505,0,Normal,149500
890,Gable,1.5Fin,7,1949,2006,1,GasA,1,576,0,Normal,122900
891,Hip,2Story,5,1978,1978,2,GasA,1,440,0,Normal,172500
892,Hip,1Story,8,1963,2003,1,GasA,0,264,0,Normal,154500
893,Gable,1Story,5,1954,1954,1,GasA,1,354,0,Normal,165000
894,Gable,1Story,5,1979,1979,2,GasA,0,400,0,Alloca,118858
895,Hip,2Story,5,1963,1963,1,GasA,1,483,0,Normal,140000
896,Gable,1Story,6,1936,1950,1,GasA,0,327,0,Abnorml,106500
897,Gable,2Story,5,1979,1979,2,GasA,0,528,0,Alloca,142953
898,Hip,1Story,5,2009,2010,2,GasA,2,820,0,Partial,611657
899,Gable,1Story,7,1961,1994,1,GasA,1,288,0,Normal,135000
900,Gable,1Story,6,1971,1971,1,GasA,0,684,0,Normal,110000
901,Hip,1Story,7,1957,2000,1,GasA,0,756,0,Normal,153000
902,Gable,2Story,5,2003,2003,2,GasA,1,393,0,Normal,180000
903,Hip,1Story,5,2006,2006,2,GasA,1,690,0,Partial,240000
904,Gable,1Story,6,1967,1967,1,GasA,0,288,0,Normal,125500
905,Gable,1Story,5,1954,1954,1,GasA,0,280,0,Normal,128000
906,Gable,1Story,5,2006,2006,2,GasA,1,865,0,Normal,255000
907,Gable,1.5Fin,7,1936,1987,1,GasA,1,180,0,Normal,250000
908,Gable,1Story,5,1983,1983,1,GasA,0,484,0,Normal,131000
909,Gable,2Story,5,2005,2005,2,GasA,1,390,0,Normal,174000
910,Gable,2Story,5,1960,1960,2,GasA,0,480,0,Normal,154300
911,Gable,1Story,7,1977,1989,1,GasA,0,252,0,Normal,143500
912,Gable,1Story,7,1925,1950,1,GasA,0,450,0,Abnorml,88000
913,Gable,2Story,6,1949,1950,2,GasA,0,871,0,Normal,145000
914,Gable,2Story,5,2009,2009,2,GasA,0,528,0,Partial,173733
915,Gable,2Story,5,1970,1970,1,GasA,0,286,0,Normal,75000
916,Gable,1Story,3,1949,1950,0,GasA,0,308,0,Abnorml,35311
917,Gable,1Story,6,1956,1956,1,GasA,0,284,0,Normal,135000
918,Gable,2Story,5,1991,1991,2,GasA,1,833,0,Normal,238000
919,Hip,1Story,8,1958,2002,1,GasA,1,601,0,Normal,176500
920,Gable,2Story,5,1994,1994,2,GasA,0,471,0,Normal,201000
921,Gable,1.5Fin,7,1900,2003,2,GasA,0,0,0,Normal,145900
922,Gable,1Story,5,2005,2006,2,GasA,1,397,0,Partial,169990
923,Gable,1Story,5,1993,1994,2,GasA,1,533,0,Normal,193000
924,Gable,1Story,6,1980,1980,2,GasA,1,612,0,Normal,207500
925,Gable,1Story,6,1977,1977,2,GasA,0,540,0,Abnorml,175000
926,Hip,2Story,5,2003,2004,2,GasA,1,656,0,Normal,285000
927,Gable,2Story,5,1968,1968,2,GasA,1,486,0,Normal,176000
928,Hip,1Story,5,2001,2001,2,GasA,1,522,0,Normal,236500
929,Gable,2Story,5,1997,1997,2,GasA,1,642,0,Normal,222000
930,Gable,1Story,5,2007,2007,2,GasA,0,610,0,Normal,201000
931,Gable,1Story,6,1965,1965,1,GasA,0,429,0,Normal,117500
932,Hip,1Story,5,2006,2006,2,GasA,1,788,0,Normal,320000
933,Gable,1Story,5,2004,2004,2,GasA,0,570,0,Normal,190000
934,Flat,1Story,7,1960,2007,2,GasA,1,505,0,Normal,242000
935,Gable,1Story,5,1926,1953,1,GasA,0,528,0,Normal,79900
936,Gable,1Story,5,2003,2003,2,GasA,0,555,0,Normal,184900
937,Gable,2Story,5,2005,2005,2,GasA,1,689,0,Normal,253000
938,Gable,2Story,5,2006,2006,2,GasA,0,868,0,Partial,239799
939,Gable,2Story,7,1940,1950,2,GasA,2,349,0,Normal,244400
940,Gable,1Story,5,1976,1976,2,GasA,0,574,0,Normal,150900
941,Gable,2Story,5,1999,1999,2,GasA,1,390,0,Normal,214000
942,Gable,1Story,3,1977,1977,2,GasA,0,0,0,Abnorml,150000
943,Gable,1Story,4,1967,1967,2,GasA,0,576,0,Normal,143000
944,Gable,SLvl,6,1958,1958,1,GasA,1,525,0,Abnorml,137500
945,Hip,1.5Fin,6,1890,1996,1,GasA,0,456,0,Normal,124900
946,Gable,SLvl,6,1959,1959,1,GasA,1,796,0,Normal,143000
947,Hip,1Story,5,2002,2003,2,GasA,1,808,0,Normal,270000
948,Gable,2Story,5,2002,2002,2,GasA,1,474,0,Normal,192500
949,Hip,1Story,7,1972,2006,1,GasA,1,676,0,Normal,197500
950,Gable,1Story,8,1950,2002,1,GasA,0,720,0,Normal,129000
951,Gable,1Story,5,1965,1965,1,GasA,0,300,0,Abnorml,119900
952,Gable,SFoyer,8,1972,2003,1,GasA,0,396,0,Normal,133900
953,Gable,2Story,4,1969,1969,2,GasA,1,530,0,Normal,172000
954,Flat,SFoyer,5,1975,1975,2,GasA,0,0,0,AdjLand,127500
955,Gable,2Story,6,1946,1950,2,GasA,0,492,0,Normal,145000
956,Gable,2Story,6,1980,1980,1,GasA,1,462,0,Normal,124000
957,Hip,1Story,5,1962,1962,1,GasA,0,576,0,Normal,132000
958,Gable,1Story,5,2003,2003,2,GasA,0,531,0,Normal,185000
959,Hip,2Story,5,1999,1999,2,GasA,0,484,0,Normal,155000
960,Gable,1Story,7,1958,2008,1,GasA,0,0,0,Normal,116500
961,Gable,2Story,7,1977,1995,2,GasA,1,619,0,Normal,272000
962,Gable,2Story,6,1976,1976,2,GasA,1,440,0,Normal,155000
963,Gable,1Story,5,2007,2007,2,GasA,0,702,0,Normal,239000
964,Gable,2Story,5,2002,2003,2,GasA,1,510,0,Normal,214900
965,Gable,2Story,5,2005,2007,2,GasA,1,393,0,Partial,178900
966,Gable,1.5Fin,7,1940,1950,1,GasA,2,256,0,Normal,160000
967,Hip,1Story,7,1955,1955,1,GasA,0,260,0,Normal,135000
968,Gable,1.5Fin,6,1910,1950,1,Grav,0,0,0,Abnorml,37900
969,Hip,SLvl,5,1958,1958,1,GasA,0,264,0,Normal,140000
970,Gable,1.5Fin,4,1949,1950,1,GasA,0,0,0,Abnorml,135000
971,Gable,2Story,5,2003,2004,2,GasA,0,474,0,Normal,173000
972,Gable,1Story,5,1979,1979,2,GasA,1,264,0,Normal,99500
973,Gable,1Story,5,2007,2008,2,GasA,0,480,0,Partial,182000
974,Gable,2Story,8,1910,1993,1,GasA,0,532,0,Normal,167500
975,Gable,2Story,5,2000,2000,2,GasA,0,490,0,Normal,165000
976,Gable,1Story,7,1923,1958,1,GasA,0,0,0,Normal,85500
977,Gable,1Story,5,2006,2007,1,GasA,0,569,0,Partial,199900
978,Gable,1Story,5,1954,1954,1,GasA,0,400,0,Abnorml,110000
979,Gable,1Story,6,1963,1963,1,GasA,0,480,0,Normal,139000
980,Gable,SFoyer,9,1961,2007,1,GasA,0,588,0,Normal,178400
981,Hip,2Story,5,1998,1999,2,GasA,1,676,0,Normal,336000
982,Gable,1Story,5,2007,2007,2,GasA,1,388,0,Normal,159895
983,Gable,2Story,5,2002,2002,2,GasA,1,779,0,Normal,255900
984,Gable,1.5Fin,5,1977,1977,2,GasA,0,539,0,Normal,126000
985,Gable,1Story,5,1950,1950,1,GasW,0,240,0,Normal,125000
986,Hip,1.5Fin,8,1910,2003,1,GasA,0,255,0,Normal,117000
987,Hip,1Story,5,2009,2010,2,GasA,1,606,0,Partial,395192
988,Gable,2Story,6,1976,1976,2,GasA,1,551,0,Normal,195000
989,Gable,2Story,5,2006,2006,2,GasA,0,614,0,Partial,197000
990,Gable,2Story,5,1997,1998,2,GasA,1,870,0,Normal,348000
991,Gable,2Story,9,1882,1986,1,GasA,1,424,0,Normal,168000
992,Hip,2Story,8,1964,1993,2,GasA,1,440,0,Normal,187000
993,Gable,2Story,5,2005,2006,2,GasA,0,564,0,Partial,173900
994,Hip,1Story,5,2006,2007,2,GasA,1,786,0,Normal,337500
995,Gable,1.5Fin,7,1946,1950,1,GasA,0,305,0,Abnorml,121600
996,Hip,1Story,6,1961,1961,1,GasA,0,368,0,Normal,136500
997,Hip,1Story,6,1970,1970,2,GasA,1,615,0,Normal,185000
998,Hip,1Story,4,1922,1950,1,GasA,1,210,0,Normal,91000
999,Gable,1Story,5,2006,2006,2,GasA,0,632,0,Normal,206000
1000,Flat,1Story,3,1952,1952,1,GasW,0,528,0,Normal,82000
1001,Gable,1Story,6,1920,1950,1,GasA,0,216,0,Abnorml,86000
1002,Gable,1Story,5,2006,2006,2,GasA,1,824,0,Normal,232000
1003,Gable,1Story,6,1976,1976,2,GasA,0,528,0,Normal,136905
1004,Gable,1Story,5,2005,2006,2,GasA,1,457,0,Normal,181000
1005,Gable,SLvl,8,1977,1977,2,GasA,0,328,0,Normal,149900
1006,Gable,1Story,3,1970,1970,2,GasA,1,484,0,Normal,163500
1007,Gable,2Story,4,1970,1970,1,GasA,0,286,0,Normal,88000
1008,Hip,1Story,5,2004,2005,2,GasA,1,550,0,Normal,240000
1009,Gable,1.5Fin,5,1926,1950,2,GasA,0,0,0,Normal,102000
1010,Gable,1.5Fin,5,1948,1950,2,GasA,1,312,0,Normal,135000
1011,Hip,1Story,5,1965,1965,2,GasA,0,0,0,Normal,100000
1012,Hip,2Story,7,1923,1996,1,GasA,2,180,0,Normal,165000
1013,Hip,1Story,4,1910,2006,1,GasW,0,280,0,Normal,85000
1014,Gable,1Story,5,1948,1950,1,GasA,1,240,0,Normal,119200
1015,Gable,2Story,6,2001,2001,2,GasA,0,528,0,Normal,227000
1016,Hip,1Story,5,1996,1996,2,GasA,1,478,0,Normal,203000
1017,Gable,1Story,5,1984,1984,1,GasA,1,565,0,Abnorml,187500
1018,Gable,SLvl,5,1991,1992,2,GasA,1,402,0,Normal,160000
1019,Gable,1Story,5,2005,2005,2,GasA,1,440,0,Normal,213490
1020,Gable,1Story,5,2005,2005,1,GasA,0,451,0,Normal,176000
1021,Gable,1Story,5,2006,2006,2,GasA,0,632,0,Partial,194000
1022,Gable,1.5Fin,5,1930,1950,1,GasA,0,160,0,Normal,87000
1023,Gable,1Story,5,2005,2006,2,GasA,1,437,0,Normal,191000
1024,Hip,1Story,6,1976,1976,2,GasA,1,665,0,Abnorml,287000
1025,Gable,1Story,5,1972,1972,1,GasA,0,461,0,Normal,112500
1026,Gable,1Story,5,1960,1960,1,GasA,2,461,0,Normal,167500
1027,Gable,1Story,5,2007,2008,2,GasA,1,800,0,Partial,293077
1028,Gable,1.5Fin,5,1941,1950,1,GasA,1,240,0,Normal,105000
1029,Gable,2Story,7,1972,1972,1,GasA,0,264,0,Normal,118000
1030,Gable,2Story,8,1916,1995,2,GasA,0,0,0,Normal,160000
1031,Gable,2.5Fin,3,1920,1970,2,GasA,2,672,0,Normal,197000
1032,Gable,2Story,7,1993,1993,2,GasA,1,796,0,Abnorml,310000
1033,Gable,1Story,5,2002,2002,2,GasA,0,900,0,Normal,230000
1034,Gable,1Story,7,1938,1950,1,GasA,1,240,0,Normal,119750
1035,Gable,1Story,3,1957,1957,1,GasA,0,290,0,Normal,84000
1036,Hip,1Story,5,2007,2008,2,GasA,1,912,0,Normal,315500
1037,Gable,2Story,5,2001,2002,2,GasA,1,905,0,Normal,287000
1038,Gable,2Story,6,1970,2008,1,GasA,1,0,0,Normal,97000
1039,Gable,SFoyer,4,1970,1970,1,GasA,0,286,0,Normal,80000
1040,Gable,1Story,4,1957,2000,2,GasA,1,484,0,Normal,155000
1041,Hip,2Story,8,1966,2000,1,GasA,0,484,0,Normal,173000
1042,Gable,1Story,5,2005,2005,2,GasA,1,624,0,Normal,196000
1043,Hip,2Story,5,1990,1990,2,GasA,1,514,0,Normal,262280
1044,Hip,1Story,5,1981,1981,2,GasA,1,542,0,Normal,278000
1045,Hip,1Story,5,1955,1955,2,GasA,1,452,0,Normal,139600
1046,Hip,2Story,5,2005,2006,3,GasA,1,716,0,Partial,556581
1047,Gable,1Story,5,1994,1995,1,GasA,0,672,0,Normal,145000
1048,Hip,1Story,4,1960,2006,1,GasA,1,336,0,Normal,115000
1049,Gable,1Story,7,1946,2006,1,GasA,0,308,0,Abnorml,84900
1050,Gable,1Story,5,2007,2007,2,GasA,0,436,0,Partial,176485
1051,Gable,1Story,5,2007,2007,2,GasA,1,440,0,Partial,200141
1052,Gable,2Story,6,1964,1978,1,GasA,1,540,0,Normal,165000
1053,Hip,1Story,6,1957,2002,1,GasA,1,364,0,Normal,144500
1054,Gable,2Story,5,2002,2002,2,GasA,1,586,0,Normal,255000
1055,Gable,1Story,5,1976,1976,2,GasA,1,478,0,Abnorml,180000
1056,Gable,1Story,5,2005,2005,2,GasA,1,484,0,Normal,185850
1057,Gable,2Story,6,1994,1994,2,GasA,1,467,0,Normal,248000
1058,Gable,2Story,5,2008,2008,2,GasA,1,836,0,Normal,335000
1059,Gable,1.5Fin,7,1932,1950,1,GasA,1,432,0,Normal,220000
1060,Gable,1Story,5,2001,2001,2,GasA,0,582,0,Normal,213500
1061,Gable,1Story,4,1935,1950,1,GasA,0,1248,0,Normal,81000
1062,Gable,2Story,5,1900,1950,2,GasA,0,560,0,Normal,90000
1063,Gable,1Story,6,1925,1980,1,GasA,1,440,0,Normal,110500
1064,Gable,1Story,6,1966,1966,1,GasA,1,480,0,Normal,154000
1065,Gable,2Story,5,1996,1997,2,GasA,0,533,0,Normal,328000
1066,Gable,2Story,7,1993,1994,2,GasA,1,380,0,Normal,178000
1067,Gable,2Story,6,1964,1964,1,GasA,0,442,0,Normal,167900
1068,Gable,2Story,4,1973,1973,2,GasA,1,576,0,Normal,151400
1069,Gable,1.5Unf,7,1949,2003,1,GasA,0,576,0,Normal,135000
1070,Hip,1Story,5,1956,1956,1,GasA,0,286,0,Normal,135000
1071,Gable,2Story,6,1968,1968,1,GasA,0,441,0,Normal,154000
1072,Gable,1.5Fin,3,1948,1950,1,GasA,1,280,0,Normal,91500
1073,Hip,2Story,6,1977,1977,1,GasA,0,440,0,Normal,159500
1074,Gable,1Story,5,2006,2006,2,GasA,0,826,0,Normal,194000
1075,Gable,2Story,6,1940,1984,1,GasA,2,240,0,Normal,219500
1076,Gable,1.5Fin,8,1936,1989,2,GasA,1,566,0,Normal,170000
1077,Gable,1Story,5,1969,1969,1,GasA,0,299,0,Abnorml,138800
1078,Gable,1Story,5,2004,2004,1,GasA,1,420,0,Normal,155900
1079,Gable,1Story,5,1994,1994,1,GasA,0,299,0,Normal,126000
1080,Gable,1Story,7,1971,2004,2,GasA,0,528,0,Abnorml,145000
1081,Gable,1Story,5,1963,1963,1,GasA,0,308,0,Normal,133000
1082,Gable,1Story,5,2002,2002,2,GasA,1,527,0,Normal,192000
1083,Hip,1Story,6,1964,1964,1,GasA,2,461,0,Normal,160000
1084,Gable,2Story,5,1995,1996,2,GasA,1,409,0,Normal,187500
1085,Gable,SFoyer,6,1992,1992,1,GasA,0,564,0,Normal,147000
1086,Gable,2Story,5,1973,1973,1,GasA,0,286,0,Normal,83500
1087,Gable,2Story,5,2005,2006,2,GasA,1,1043,0,Normal,252000
1088,Gable,2Story,5,2004,2004,2,GasA,0,380,0,Normal,137500
1089,Gable,1Story,5,2005,2005,1,GasA,1,550,0,Normal,197000
1090,Gable,1Story,4,1950,1950,2,Wall,0,400,0,Normal,92900
1091,Gable,2Story,5,1999,2000,2,GasA,0,462,0,Normal,160000
1092,Gable,1.5Fin,5,1925,1950,2,GasA,1,576,0,Normal,136500
1093,Hip,1Story,8,1965,1998,1,GasA,0,884,0,Normal,146000
1094,Gable,1Story,7,1956,2000,1,GasA,0,308,0,Normal,129000
1095,Gable,1Story,5,2006,2006,2,GasA,1,440,0,Normal,176432
1096,Gable,2Story,7,1914,2006,1,GasA,0,0,0,Normal,127000
1097,Gable,1Story,5,1986,1986,1,GasA,0,461,0,Normal,170000
1098,Gable,1.5Fin,6,1936,1950,1,GasA,0,240,0,Normal,128000
1099,Gable,1Story,5,1978,1978,2,GasA,1,478,0,Abnorml,157000
1100,Gable,1Story,5,1920,1950,1,GasA,0,246,0,Normal,60000
1101,Gable,1Story,5,1971,1971,1,GasA,0,280,0,Normal,119500
1102,Gable,1Story,7,1960,2002,1,GasA,0,254,0,Family,135000
1103,Hip,1Story,6,1959,1959,1,GasA,1,539,0,Normal,159500
1104,Gable,2Story,5,1970,1970,2,GasA,0,440,0,Normal,106000
1105,Gable,2Story,5,1994,1995,2,GasA,2,712,0,Normal,325000
1106,Hip,1Story,5,1990,1991,2,GasA,1,719,0,Normal,179900
1107,Gable,2Story,5,2006,2006,2,GasA,1,422,0,Partial,274725
1108,Gable,2Story,5,2000,2000,2,GasA,1,463,0,Abnorml,181000
1109,Gable,1Story,5,2004,2005,2,GasA,1,862,0,Normal,280000
1110,Gable,2Story,5,1995,1996,2,GasA,1,431,0,Normal,188000
1111,Hip,2Story,6,1976,1976,2,GasA,1,483,0,Normal,205000
1112,Gable,1Story,7,1957,1957,1,GasA,0,308,0,Normal,129900
1113,Gable,1Story,7,1953,2006,1,GasA,0,240,0,Normal,134500
1114,Gable,1Story,7,1954,2000,1,GasA,0,326,0,Normal,117000
1115,Hip,1Story,5,2007,2007,2,GasA,1,928,0,Partial,318000
1116,Hip,SLvl,5,2002,2002,2,GasA,1,527,0,Normal,184100
1117,Gable,1Story,7,1967,2003,1,GasA,0,450,0,Normal,130000
1118,Gable,SLvl,6,1958,1987,1,GasA,0,300,0,Normal,140000
1119,Gable,1Story,5,1959,1959,1,GasA,0,286,0,Normal,133700
1120,Gable,1Story,5,1920,1950,1,GasA,1,308,0,Normal,118400
1121,Gable,1Story,5,2005,2006,2,GasA,0,782,0,Partial,212900
1122,Gable,1Story,3,1956,1956,1,GasA,0,288,0,Abnorml,112000
1123,Hip,1Story,9,1947,2008,1,GasA,0,0,0,Normal,118000
1124,Gable,SLvl,5,1992,1992,2,GasA,1,392,0,Normal,163900
1125,Gable,1Story,5,1955,1955,1,GasA,1,672,0,Normal,115000
1126,Hip,1Story,5,2007,2007,2,GasA,1,660,0,Normal,174000
1127,Hip,1Story,5,2004,2004,2,GasA,1,630,0,Family,259000
1128,Gable,2Story,5,2004,2005,2,GasA,1,434,0,Normal,215000
1129,Gable,SFoyer,5,1980,1980,1,GasA,0,672,0,Normal,140000
1130,Gable,1.5Fin,3,1928,1950,2,GasA,2,576,0,Normal,135000
1131,Gable,1Story,5,1991,1992,1,GasA,0,0,0,Abnorml,93500
1132,Gable,2Story,4,1880,1950,2,GasW,0,205,0,Normal,117500
1133,Gable,2Story,5,1995,1995,2,GasA,1,466,0,Normal,239500
1134,Gable,2Story,5,1997,1997,2,GasA,1,460,0,Normal,169000
1135,Gable,1Story,5,1926,1950,1,GasA,1,180,0,Normal,102000
1136,Gable,1.5Fin,5,1950,1950,1,GasA,0,288,0,Abnorml,119000
1137,Gable,1.5Fin,8,1875,1996,1,GasA,0,0,0,Normal,94000
1138,Gable,1Story,5,1977,1977,2,GasA,2,714,0,Normal,196000
1139,Gable,1Story,5,1920,1950,1,GasA,1,495,0,Normal,144000
1140,Gable,1Story,7,1951,1951,1,GasA,0,840,0,Abnorml,139000
1141,Gable,2Story,7,1976,1976,2,GasA,1,484,0,Normal,197500
1142,Hip,2Story,5,2006,2007,3,GasA,1,1052,0,Partial,424870
1143,Gable,1Story,3,1959,1959,1,GasA,0,0,0,Normal,80000
1144,Gable,1.5Fin,4,1941,1950,1,Grav,0,280,0,Normal,80000
1145,Gable,1.5Fin,6,1928,1950,1,GasA,1,225,0,Family,149000
1146,Gable,1Story,5,1985,1985,2,GasA,1,403,0,Normal,180000
1147,Gable,2Story,7,1941,1950,1,GasA,1,234,0,Normal,174500
1148,Gable,1.5Fin,7,1926,1950,1,GasA,1,288,0,Normal,116900
1149,Hip,2Story,9,1920,1988,1,GasA,0,324,0,Normal,143000
1150,Gable,1Story,5,1950,1950,1,GasA,1,306,0,Normal,124000
1151,Gable,1Story,4,1959,1959,1,GasA,2,528,0,Normal,149900
1152,Gable,1Story,7,1956,2004,1,GasA,1,470,0,Abnorml,230000
1153,Gable,1Story,8,1930,2007,1,GasA,0,432,0,Normal,120500
1154,Gable,2Story,6,1965,1988,1,GasA,2,492,0,Normal,201800
1155,Gable,1Story,8,1976,2004,2,GasA,1,528,0,Normal,218000
1156,Gable,SLvl,8,1965,1999,2,GasA,1,502,0,Normal,179900
1157,Gable,1Story,5,2007,2008,2,GasA,1,626,0,Normal,230000
1158,Gable,1Story,5,2007,2008,2,GasA,0,830,0,Partial,235128
1159,Hip,2Story,6,1974,1974,2,GasA,1,540,0,Normal,185000
1160,Gable,2Story,5,1978,1978,2,GasA,1,440,0,Normal,146000
1161,Hip,1Story,7,1954,2006,1,GasA,1,924,0,Normal,224000
1162,Gable,1Story,5,1968,1968,1,GasA,1,450,0,Normal,129000
1163,Gable,SFoyer,4,1969,1969,0,GasA,0,400,0,Alloca,108959
1164,Gable,SLvl,7,1978,1978,1,GasA,1,588,0,Normal,194000
1165,Gable,1Story,5,2009,2009,2,GasA,0,644,0,Partial,233170
1166,Gable,1Story,5,2008,2008,2,GasA,0,776,0,Normal,245350
1167,Gable,2Story,5,2000,2000,2,GasA,1,472,0,Normal,173000
1168,Hip,2Story,7,1935,1986,2,GasA,2,540,0,Normal,235000
1169,Hip,2Story,5,1995,1996,3,GasA,1,807,0,Normal,625000
1170,Gable,SLvl,6,1977,1977,1,GasA,1,358,576,Normal,171000
1171,Hip,1Story,6,1958,1958,1,GasA,1,433,0,Normal,163000
1172,Gable,2Story,5,2006,2007,2,GasA,0,625,0,Normal,171900
1173,Gable,1.5Fin,6,1946,1994,3,GasA,1,0,0,Normal,200500
1174,Gable,2Story,8,1932,1950,2,GasA,1,360,0,Normal,239000
1175,Hip,1.5Fin,5,1992,2000,2,GasA,1,541,0,Normal,285000
1176,Gable,1Story,5,1984,1985,1,GasA,0,264,0,Normal,119500
1177,Gable,1.5Fin,8,1926,2004,1,GasA,0,210,0,Normal,115000
1178,Gable,1.5Fin,6,1921,1950,1,GasA,1,186,0,Normal,154900
1179,Gable,1Story,5,1954,1954,1,GasA,1,0,0,Normal,93000
1180,Gable,2Story,5,1990,1991,2,GasA,0,693,0,Normal,250000
1181,Hip,1Story,5,2008,2008,2,GasA,1,482,0,Partial,392500
1182,Hip,2Story,5,1996,1996,3,GasA,2,813,555,Abnorml,745000
1183,Hip,1Story,6,1920,1950,1,GasA,1,720,0,Normal,120000
1184,Hip,1Story,4,1963,1963,1,GasA,2,995,0,Normal,186700
1185,Gable,1.5Fin,7,1924,1950,1,GasA,0,392,0,Normal,104900
1186,Gable,2Story,5,1900,1970,2,GasA,0,420,0,Abnorml,95000
1187,Gable,1Story,5,1994,1995,2,GasA,1,757,0,Normal,262000
1188,Gable,2Story,5,2002,2002,2,GasA,0,493,0,Normal,195000
1189,Gable,2Story,5,1999,1999,2,GasA,1,442,0,Normal,189000
1190,Gable,1Story,4,1961,1975,1,GasA,1,1356,0,Normal,168000
1191,Gable,2Story,5,1999,2000,2,GasA,0,492,0,Normal,174000
1192,Gambrel,1.5Fin,8,1925,1994,1,GasA,0,250,0,Normal,125000
1193,Hip,1Story,5,1999,1999,2,GasA,0,402,0,Normal,165000
1194,Gable,2Story,7,1969,1969,1,GasA,0,299,0,Normal,158000
1195,Gable,2Story,5,2005,2005,2,GasA,0,400,0,Normal,176000
1196,Gable,2Story,5,2006,2006,2,GasA,1,660,0,Partial,219210
1197,Gable,2.5Unf,6,1916,1950,1,GasA,1,225,0,Normal,144000
1198,Gable,1Story,5,2001,2001,2,GasA,0,573,0,Normal,178000
1199,Gable,1Story,5,1963,1979,1,GasA,1,459,0,Normal,148000
1200,Gable,1Story,5,1970,1970,1,GasA,0,280,0,Abnorml,116050
1201,Gable,2Story,5,1998,1998,2,GasA,0,546,0,Normal,197900
1202,Gable,1.5Fin,8,1925,1997,1,GasA,1,216,0,Normal,117000
1203,Gable,1Story,5,2000,2001,2,GasA,1,451,0,Normal,213000
1204,Gable,1Story,6,1975,1975,1,GasA,0,495,0,Normal,153500
1205,Hip,1Story,7,1990,1991,2,GasA,1,701,0,Normal,271900
1206,Gable,1Story,4,1966,1966,1,GasA,0,384,0,Normal,107000
1207,Gable,1Story,5,2003,2003,2,GasA,0,544,0,Normal,200000
1208,Gable,1Story,7,1962,1980,1,GasA,0,506,0,Normal,140000
1209,Hip,1Story,5,2006,2006,2,GasA,1,500,0,Partial,290000
1210,Gable,2Story,5,1992,1992,2,GasA,1,462,0,Normal,189000
1211,Gable,1.5Fin,7,1988,2005,2,GasA,0,492,0,Normal,164000
1212,Hip,1Story,6,1941,1950,1,GasA,0,234,0,Normal,113000
1213,Gable,SLvl,9,1965,2001,0,GasA,0,364,0,Normal,145000
1214,Gable,SFoyer,5,1962,1962,1,GasA,0,300,0,Normal,134500
1215,Gable,1Story,5,1966,1966,1,GasA,0,384,0,Normal,125000
1216,Gable,1.5Fin,5,1978,1978,2,GasA,0,539,0,Normal,112000
1217,Gable,1Story,5,2009,2009,2,GasA,0,552,0,Partial,229456
1218,Gable,1.5Fin,5,1947,1950,1,GasA,0,0,0,Normal,80500
1219,Gable,2Story,5,1971,1971,1,GasA,0,0,0,Abnorml,91500
1220,Gable,1Story,5,1964,1964,1,GasA,0,288,0,Abnorml,115000
1221,Hip,1Story,5,1968,1968,1,GasA,1,322,0,Normal,134000
1222,Gable,1.5Fin,6,1949,1950,2,GasA,1,315,0,Normal,143000
1223,Hip,1Story,3,1951,1951,2,GasA,0,528,0,Normal,137900
1224,Gable,2Story,5,2004,2005,2,GasA,1,388,0,Normal,184000
1225,Hip,SLvl,8,1958,1958,1,GasA,0,264,0,Normal,145000
1226,Gable,2Story,5,2007,2007,2,GasA,1,668,0,Normal,214000
1227,Gable,1Story,8,1965,2008,1,GasA,0,576,0,Normal,147000
1228,Hip,1Story,5,2008,2008,1,GasA,1,1052,0,Partial,367294
1229,Hip,SLvl,5,1960,1960,2,GasA,0,404,0,Normal,127000
1230,Shed,1.5Fin,5,1977,1977,2,GasA,1,600,0,Normal,190000
1231,Hip,SLvl,6,1962,1962,1,GasA,0,540,0,Normal,132500
1232,Gable,1Story,5,1962,1962,2,GasA,0,462,0,Normal,101800
1233,Hip,1Story,5,1959,1959,1,GasA,0,531,0,Abnorml,142000
1234,Gable,2Story,6,1911,1950,1,GasA,0,0,0,Abnorml,130000
1235,Gable,2Story,5,1914,1950,1,GasA,0,180,0,Normal,138887
1236,Gable,2Story,5,2003,2003,2,GasA,0,474,0,Normal,175500
1237,Gable,2Story,5,2004,2005,2,GasA,1,434,0,Normal,195000
1238,Gable,1Story,5,2005,2005,1,GasA,0,484,0,Abnorml,142500
1239,Hip,1Story,5,2006,2006,2,GasA,1,472,0,Normal,265900
1240,Gable,2Story,5,2003,2003,2,GasA,0,543,0,Normal,224900
1241,Hip,1Story,6,2007,2007,2,GasA,0,954,0,Partial,248328
1242,Gable,SFoyer,6,1974,1974,2,GasA,2,528,0,Family,170000
1243,Gable,1Story,5,2006,2006,2,GasA,1,850,0,Partial,465000
1244,Gable,2Story,7,1929,1950,1,GasA,2,400,0,Normal,230000
1245,Hip,SLvl,7,1984,2003,3,GasA,1,477,0,Abnorml,178000
1246,Gable,2Story,5,2005,2006,2,GasA,0,615,0,Partial,186500
1247,Gable,SLvl,5,1976,1976,1,GasA,0,888,0,Normal,169900
1248,Gable,2.5Unf,5,1917,1950,1,OthW,1,396,0,Normal,129500
1249,Gable,1Story,7,1950,1950,1,GasA,0,276,0,Normal,119000
1250,Hip,1Story,5,1968,1968,2,GasA,2,522,0,Normal,244000
1251,Gable,1Story,5,2003,2003,2,GasA,1,478,0,Normal,171750
1252,Gable,1Story,6,1968,1968,1,GasA,0,288,0,Normal,130000
1253,Gable,2Story,7,1974,2003,2,GasA,2,518,0,Normal,294000
1254,Gable,2Story,5,2003,2004,2,GasA,1,397,0,Normal,165400
1255,Gable,1.5Fin,6,1931,1950,1,GasA,1,560,0,Normal,127500
1256,Hip,1Story,5,1994,1994,2,GasA,1,691,0,Normal,301500
1257,Gable,1Story,8,1922,1950,1,GasA,0,0,0,Normal,99900
1258,Gable,SLvl,5,2005,2005,2,GasA,0,400,0,Normal,190000
1259,Gable,1Story,8,1969,1969,1,GasA,0,460,0,Normal,151000
1260,Gable,2Story,5,1999,1999,2,GasA,1,502,0,Normal,181000
1261,Hip,1Story,6,1956,1956,1,GasA,0,338,0,Normal,128900
1262,Gable,1.5Fin,5,1957,1989,1,GasA,2,304,0,Normal,161500
1263,Gambrel,2Story,6,1919,1950,1,GasA,1,520,0,Normal,180500
1264,Gable,1Story,5,1998,1999,2,GasA,0,511,0,Abnorml,181000
1265,Hip,2Story,5,1999,1999,2,GasA,0,506,0,Normal,183900
1266,Hip,2.5Unf,4,1910,1950,1,GasA,1,308,0,Normal,122000
1267,Hip,1Story,5,2008,2009,2,GasA,1,746,0,Normal,378500
1268,Gable,1.5Fin,9,1935,1997,3,GasA,2,1014,0,Normal,381000
1269,Gable,1.5Fin,5,1958,1958,1,GasW,0,315,0,Normal,144000
1270,Shed,1Story,6,1979,1979,0,GasA,1,586,0,Normal,260000
1271,Hip,1Story,7,1968,1968,2,GasA,1,462,0,Normal,185750
1272,Hip,1Story,6,1965,1965,1,GasA,0,288,0,Normal,137000
1273,Gable,SLvl,7,1959,2006,1,GasA,1,312,0,Normal,177000
1274,Gable,1.5Fin,6,1910,2003,2,GasA,1,552,0,Normal,139000
1275,Gable,2Story,5,1948,1950,2,GasA,0,400,0,Normal,137000
1276,Gable,2Story,6,1972,1972,1,GasA,1,497,0,Normal,162000
1277,Gable,SLvl,5,1967,1976,1,GasA,1,480,0,Normal,197900
1278,Gable,2Story,5,2002,2002,2,GasA,1,577,0,Normal,237000
1279,Gable,1.5Fin,4,1920,1950,1,GasA,0,528,0,Abnorml,68400
1280,Gable,1Story,5,2002,2002,2,GasA,0,544,0,Normal,227000
1281,Hip,1Story,5,1990,1990,2,GasA,1,484,0,Normal,180000
1282,Gable,1Story,7,1977,2008,2,GasA,0,484,0,Normal,150500
1283,Mansard,2Story,5,1971,1971,2,GasA,0,0,0,Normal,139000
1284,Gable,1.5Fin,7,1919,1990,2,GasA,1,336,0,Normal,169000
1285,Gable,1.5Fin,6,1939,1950,1,GasA,1,280,0,Normal,132500
1286,Hip,1Story,5,1963,1963,1,GasA,2,528,0,Normal,143000
1287,Gable,1Story,5,1964,1964,2,GasA,0,390,0,Normal,190000
1288,Gable,1Story,5,2000,2000,2,GasA,1,499,0,Normal,278000
1289,Gable,2Story,5,2006,2006,2,GasA,1,753,0,Partial,281000
1290,Hip,SLvl,7,1964,1964,1,GasA,1,484,0,Normal,180500
1291,Gable,2Story,7,1972,1972,2,GasA,0,264,0,Normal,119500
1292,Gable,2Story,4,1892,1965,2,GasA,0,432,0,Normal,107500
1293,Gable,2Story,5,1976,1976,2,GasA,1,528,0,Normal,162900
1294,Hip,1Story,7,1955,1990,1,GasA,0,572,0,Normal,115000
1295,Hip,1Story,5,1968,1968,1,GasA,0,288,0,Normal,138500
1296,Hip,1Story,6,1963,1963,2,GasA,0,525,0,Normal,155000
1297,Gable,SFoyer,5,2005,2006,2,GasA,0,525,0,Partial,140000
1298,Hip,2Story,5,2008,2008,2,GasA,3,1418,480,Partial,160000
1299,Hip,1Story,7,1959,1994,1,GasA,0,305,0,Normal,154000
1300,Gable,2Story,5,1999,1999,2,GasA,1,490,0,Normal,225000
1301,Gable,2Story,7,1942,1950,1,GasA,2,213,0,Normal,177500
1302,Hip,2Story,5,1994,1994,2,GasA,1,844,0,Normal,290000
1303,Gable,1Story,5,2005,2005,2,GasA,0,834,0,Normal,232000
1304,Gable,2Story,5,2004,2004,2,GasA,0,380,0,Normal,130000
1305,Hip,1Story,5,2006,2007,2,GasA,2,840,0,Normal,325000
1306,Gable,1Story,5,2005,2006,2,GasA,1,474,0,Partial,202500
1307,Gable,1Story,5,1994,1995,1,GasA,0,480,0,Normal,138000
1308,Gable,1Story,7,1948,2005,1,GasA,0,528,0,Normal,147000
1309,Gable,1Story,5,1991,1991,2,GasA,0,496,0,Normal,179200
1310,Gable,1Story,8,1959,2002,2,GasA,2,567,0,Normal,335000
1311,Gable,1Story,5,2005,2007,2,GasA,0,508,0,Partial,203000
1312,Gable,2Story,5,1990,1990,2,GasA,1,750,0,Normal,302000
1313,Gable,2Story,5,1999,1999,2,GasA,1,779,0,Normal,333168
1314,Hip,1Story,6,1954,1954,1,GasA,1,280,0,Normal,119000
1315,Gable,2Story,5,1969,1969,2,GasA,2,576,0,Normal,206900
1316,Gable,1Story,5,2008,2008,2,GasA,1,860,0,Normal,295493
1317,Gable,1Story,5,2006,2007,2,GasA,1,466,0,Partial,208900
1318,Hip,1Story,5,2001,2002,2,GasA,1,748,0,Normal,275000
1319,Hip,1Story,5,1954,1954,1,GasA,0,248,0,Normal,111000
1320,Hip,1Story,3,1957,1957,1,GasA,2,442,0,Normal,156500
1321,Hip,1Story,6,1949,1950,1,Floor,0,287,0,Normal,72500
1322,Gable,2Story,5,1992,1992,2,GasA,1,564,0,Normal,190000
1323,Hip,1Story,7,1940,1950,1,GasA,0,0,0,Normal,82500
1324,Gable,1Story,5,2006,2007,2,GasA,1,895,0,Partial,147000
1325,Gable,1Story,4,1922,1950,1,GasA,0,0,0,Normal,55000
1326,Gable,1Story,6,1931,2006,1,GasA,0,0,0,Normal,79000
1327,Gable,1Story,9,1982,2008,1,GasA,1,264,0,Normal,130500
1328,Gable,1.5Fin,7,1920,1950,2,GasW,2,520,0,Normal,256000
1329,Hip,2Story,5,1998,1998,2,GasA,1,462,0,Normal,176500
1330,Hip,1Story,5,2006,2006,2,GasA,1,825,0,Normal,227000
1331,Gable,SLvl,5,1976,1976,1,GasA,0,576,0,Normal,132500
1332,Gable,1Story,6,1938,1958,1,GasA,1,288,0,Normal,100000
1333,Gable,1.5Fin,6,1938,1995,1,GasA,0,297,0,Normal,125500
1334,Gable,2Story,6,1970,1970,1,GasA,0,440,0,Normal,125000
1335,Gable,1Story,5,1977,1977,2,GasA,1,630,0,Normal,167900
1336,Gable,1Story,5,1973,1973,2,GasA,0,506,0,Normal,135000
1337,Gable,1Story,4,1941,1950,1,Grav,0,0,0,Normal,52500
1338,Gable,2Story,5,2002,2002,2,GasA,0,492,0,Normal,200000
1339,Hip,1Story,7,1972,1972,1,GasA,0,288,0,Normal,128500
1340,Gable,1Story,5,1971,1971,1,GasA,0,480,0,Normal,123000
1341,Gable,1Story,5,2003,2004,1,GasA,0,576,0,Normal,155000
1342,Gable,2Story,5,2002,2002,2,GasA,1,647,0,Normal,228500
1343,Gable,1.5Fin,6,1928,1950,1,GasA,1,342,0,Normal,177000
1344,Gable,2Story,5,2006,2006,2,GasA,1,440,0,Partial,155835
1345,Hip,1Story,4,1920,1950,1,GasA,0,308,0,Normal,108500
1346,Hip,1Story,7,1968,2003,2,GasA,1,508,0,Normal,262500
1347,Gable,1Story,5,2006,2007,2,GasA,1,712,0,Partial,283463
1348,Gable,1Story,5,1998,1998,2,GasA,1,514,0,Normal,215000
1349,Gable,2Story,5,1872,1987,2,OthW,0,0,0,Normal,122000
1350,Gable,2Story,5,1969,1969,2,GasA,0,968,0,Normal,200000
1351,Gable,2Story,6,1962,1962,1,GasA,1,490,0,Normal,171000
1352,Gable,1.5Fin,9,1937,2000,1,GasA,0,624,0,Normal,134900
1353,Hip,1.5Fin,5,1995,1996,2,GasA,1,666,0,Normal,410000
1354,Gable,2Story,5,2000,2000,2,GasA,1,839,0,Normal,235000
1355,Gable,SLvl,6,1968,1992,3,GasA,1,487,0,Normal,170000
1356,Gable,1Story,5,1966,1966,1,GasA,0,264,0,Normal,110000
1357,Gable,1Story,6,1971,2008,1,GasA,1,500,0,Normal,149900
1358,Gable,2Story,5,2000,2000,2,GasA,0,440,0,Normal,177500
1359,Hip,1Story,5,2004,2005,2,GasA,1,770,0,Normal,315000
1360,Gable,2Story,6,1921,1998,3,GasA,0,621,0,Normal,189000
1361,Hip,1Story,5,2005,2005,2,GasA,1,430,0,Normal,260000
1362,Gable,1.5Fin,4,1920,2007,2,GasA,1,368,0,Normal,104900
1363,Gable,2Story,5,2006,2007,2,GasA,1,432,0,Partial,156932
1364,Gable,2Story,5,2005,2005,2,GasA,0,480,0,Abnorml,144152
1365,Gable,2Story,5,2000,2000,2,GasA,0,663,0,Normal,216000
1366,Gable,2Story,5,1999,1999,2,GasA,0,588,0,Abnorml,193000
1367,Gable,2Story,6,1977,1977,2,GasA,1,336,0,Normal,127000
1368,Gable,1Story,5,2003,2004,1,GasA,0,420,0,Normal,144000
1369,Hip,1Story,5,2003,2003,2,GasA,1,502,0,Normal,232000
1370,Gable,1.5Fin,6,1920,1950,1,GasA,0,338,0,Normal,105000
1371,Hip,SLvl,6,1955,1996,1,GasA,1,377,0,Normal,165500
1372,Gable,2Story,6,1998,1998,2,GasA,1,583,0,Normal,274300
1373,Hip,1Story,5,2001,2002,2,GasA,2,804,0,Normal,466500
1374,Gable,2Story,5,2005,2005,2,GasA,1,936,0,Normal,250000
1375,Gable,1Story,5,2007,2007,2,GasA,1,722,0,Partial,239000
1376,Gable,1Story,5,1930,1950,1,GasA,0,160,0,Normal,91000
1377,Gable,1.5Fin,5,1941,1960,2,GasA,0,660,0,Normal,117000
1378,Gable,2Story,5,1973,1973,1,GasA,0,264,0,Normal,83000
1379,Gable,SLvl,5,2006,2007,2,GasA,0,400,0,Normal,167500
1380,Gable,1Story,3,1914,1950,1,GasA,0,200,0,Normal,58500
1381,Gable,1Story,7,1970,1970,2,GasA,2,550,0,Normal,237500
1382,Hip,2Story,7,1920,1950,1,GasA,0,576,0,Normal,157000
1383,Gable,1Story,7,1918,2007,2,GasA,0,576,0,Normal,112000
1384,Gable,1.5Fin,5,1939,1950,1,GasA,0,280,0,Normal,105000
1385,Gable,1.5Fin,8,1922,2007,1,GasA,0,240,0,Normal,125500
1386,Gable,2Story,5,1978,1978,3,GasA,2,564,519,Normal,250000
1387,Gable,1.5Fin,7,1916,1950,2,GasW,1,216,0,Family,136000
1388,Gable,1Story,5,2006,2007,2,GasA,2,758,0,Normal,377500
1389,Gable,1.5Fin,6,1941,1950,1,GasA,1,440,0,Normal,131000
1390,Gable,1Story,5,2000,2000,2,GasA,0,541,0,Normal,235000
1391,Gable,1Story,5,1967,1967,2,GasA,0,792,0,Normal,124000
1392,Gable,SFoyer,5,1967,1967,1,GasA,1,288,0,Normal,123000
1393,Gable,1.5Fin,7,1905,2000,2,GasA,1,672,0,Normal,163000
1394,Hip,1Story,5,2006,2006,2,GasA,1,648,0,Partial,246578
1395,Hip,2Story,5,2005,2006,2,GasA,1,642,0,Normal,281213
1396,Gable,1Story,5,1948,1950,1,GasA,2,572,0,Normal,160000
1397,Gable,2Story,8,1920,2004,1,GasA,0,180,0,Normal,137500
1398,Gable,1.5Fin,4,1950,1982,1,GasA,0,240,0,Normal,138000
1399,Gable,1.5Fin,6,1925,1990,2,GasA,1,216,0,Normal,137450
1400,Gable,1.5Fin,7,1929,1950,1,GasA,1,208,0,Normal,120000
1401,Gable,2Story,5,2004,2004,2,GasA,1,398,0,Normal,193000
1402,Gable,1Story,5,2006,2006,2,GasA,1,662,0,Partial,193879
1403,Gable,1Story,5,2007,2007,2,GasA,0,754,0,Normal,282922
1404,Gable,1.5Fin,4,1915,1950,1,GasA,0,936,0,Family,105000
1405,Hip,1Story,5,2004,2005,2,GasA,1,482,0,Normal,275000
1406,Gable,SFoyer,7,1972,2007,1,GasA,0,396,0,Normal,133000
1407,Gable,1Story,5,1985,1985,1,GasA,0,0,0,Normal,112000
1408,Gable,2Story,7,1910,1950,1,GasA,0,528,0,Normal,125500
1409,Gable,2Story,6,1986,1991,2,GasA,1,542,0,Normal,215000
1410,Gable,2Story,5,2001,2001,2,GasA,0,622,0,Normal,230000
1411,Gable,1.5Fin,8,1950,2005,1,GasA,0,271,0,Normal,140000
1412,Gable,1Story,5,1949,1950,2,Wall,0,420,0,Normal,90000
1413,Gable,1Story,5,2005,2006,2,GasA,1,620,0,Abnorml,257000
1414,Gambrel,1.5Fin,7,1923,2000,1,GasA,1,370,0,Normal,207000
1415,Hip,1Story,5,2007,2007,2,GasA,1,660,0,Normal,175900
1416,Gable,2Story,6,1885,1950,2,GasA,0,560,0,Normal,122500
1417,Gable,2Story,5,1998,1998,2,GasA,1,1069,0,Normal,340000
1418,Gable,1Story,5,1963,1963,1,GasA,0,336,0,Normal,124000
1419,Gable,1Story,5,1969,1969,2,GasA,1,540,0,Normal,223000
1420,Gable,2Story,6,1968,1968,2,GasA,1,776,0,Normal,179900
1421,Gable,1Story,5,1977,1977,2,GasA,1,440,0,Normal,127500
1422,Gable,1Story,5,2003,2003,1,GasA,0,420,0,Normal,136500
1423,Flat,SLvl,7,1966,1966,2,GasA,1,432,738,Alloca,274970
1424,Hip,1Story,5,1958,1983,1,GasA,1,484,0,Normal,144000
1425,Hip,1Story,6,1959,1959,1,GasA,0,528,0,Normal,142000
1426,Gable,2Story,5,1994,1994,2,GasA,2,525,0,Normal,271000
1427,Gable,1.5Fin,6,1945,1950,1,GasA,1,288,0,Normal,140000
1428,Gable,1Story,7,1940,1992,1,GasA,2,240,0,Abnorml,119000
1429,Gable,1Story,7,1981,1981,2,GasA,1,467,0,Normal,182900
1430,Gable,2Story,5,2005,2005,2,GasA,1,372,0,Normal,192140
1431,Gable,1Story,6,1976,1976,2,GasA,0,440,0,Normal,143750
1432,Gable,1Story,6,1927,2007,2,GasA,0,216,0,Normal,64500
1433,Gable,2Story,5,2000,2000,2,GasA,1,451,0,Normal,186500
1434,Gable,1Story,5,1977,1977,2,GasA,1,484,0,Normal,160000
1435,Gable,1Story,9,1962,2005,1,GasA,1,462,0,Abnorml,174000
1436,Gable,1Story,6,1971,1971,1,GasA,0,528,0,Normal,120500
1437,Hip,1Story,5,2008,2008,2,GasA,1,774,0,Partial,394617
1438,Gable,1Story,7,1957,1996,1,GasA,0,923,0,Normal,149700
1439,Hip,SLvl,6,1979,1979,2,GasA,1,550,0,Normal,197000
1440,Gable,2.5Fin,7,1922,1994,2,GasA,1,672,0,Normal,191000
1441,Gable,1Story,5,2004,2004,1,GasA,1,420,0,Normal,149300
1442,Gable,2Story,5,2008,2008,2,GasA,1,812,0,Normal,310000
1443,Gable,1.5Unf,6,1916,1950,1,Grav,1,192,0,Normal,121000
1444,Gable,1Story,5,2004,2004,2,GasA,0,626,0,Normal,179600
1445,Gable,SFoyer,5,1966,1966,1,GasA,0,240,0,Normal,129000
1446,Gable,1Story,7,1962,1962,1,GasA,0,312,0,Normal,157900
1447,Gable,2Story,5,1995,1996,2,GasA,1,556,0,Normal,240000
1448,Gable,2Story,7,1910,2000,1,GasA,0,384,0,Normal,112000
1449,Gable,SFoyer,7,1970,1970,1,GasA,0,0,0,Abnorml,92000
1450,Gable,2Story,5,1974,1974,2,GasA,0,0,0,Normal,136000
1451,Gable,1Story,5,2008,2009,2,GasA,1,840,0,Partial,287090
1452,Gable,SLvl,5,2005,2005,1,GasA,0,525,0,Normal,145000
1453,Gable,1Story,5,2006,2006,1,GasA,0,0,0,Abnorml,84500
1454,Gable,1Story,5,2004,2005,2,GasA,0,400,0,Normal,185000
1455,Gable,2Story,5,1999,2000,2,GasA,1,460,0,Normal,175000
1456,Gable,1Story,6,1978,1988,2,GasA,2,500,0,Normal,210000
1457,Gable,2Story,9,1941,2006,2,GasA,2,252,0,Normal,266500
1458,Hip,1Story,6,1950,1996,1,GasA,0,240,0,Normal,142125
1459,Gable,1Story,6,1965,1965,1,GasA,0,276,0,Normal,147500
